author,text,likes,published_at
@ipgautam4496,"हाम्रो प्रम ज्यू संसदमा  उपस्थित हुनु भएन(बिचमै छोडेर पनि हिड्नु भयो) , अरु मन्त्रि ज्यू हरु पनि विस्तारै नआउन थाल्नुभएको छ, सांसद ज्यूहरु को सिट पनि खालि नै देखिन्छ , कहिलेकाहीँ विपक्षी ज्यू हरुले संसद नै छोडेर जानुहुन्छ, हाम्रा १८२ जना सांसद बाहेक अरु ९३ जना पनि त निर्वाचित भएरै जनताको मत ले नै आउनु भएको हो ।  यसरी नै सरकार पनि र सांसदहरु पनि संसदमा उपस्थित नहुँदै जाने हो भने संसद बैठक कसरि चल्छ र ??",1,2026-05-27T05:49:08Z
@KabitaPaudel-n2p,From the date balen support to make  sushila karki as pm instead of harka from that day he is against balen if balen could have supported harka genz would have  make harka as pm cause at that time genz are only listening to balen because of balen harka couldn’t become pm that is why is angry at balen other than that there is no any other reasons for his behaviour towards balen,0,2026-05-27T02:19:14Z
@dalbahadurkhadka1289,हकॅबाद त हुदै हेाईन १००प् तीशत हुलरबाद अराजक आरीसे  र नैतीकता िबहीन अपराधी हेा   तर यसैलाई िमडीया ले बढाई चढाई गरेर ठालु बनाई िदएकेा छ अझै हेदैॅ जानु यसकेा हकॅत,0,2026-05-27T01:21:42Z
@GomaSherpa-u7c,"Harka is absolutely right and voices of people. I am wondering why are medias  after Harka and creating hateful contents about him even current pm is wrong deeds, avoiding Parliament? Pm is incredibly jerk guy who doesn't care about people and also symbol of destruction .",0,2026-05-26T19:04:18Z
@PusparajShrestha-t1d,Sorry sir but Zan ji la Balan sir law magako teyo harka law hoena,0,2026-05-26T18:48:19Z
@BasantaKandel-v1m,यो हर्क किन सन्केकौ...बालेन त काममा लागेको अवस्था हो किन सन्केकौ हर्के,0,2026-05-26T17:53:53Z
@DineshKulung-m8u,sahiho,0,2026-05-26T17:02:35Z
@KrishnaBdrchhetriChhetri,Same old kp oli haru ko chela  haru ho timi haru,0,2026-05-26T15:09:03Z
@DhurendraYadav-d6x,❤❤❤❤,0,2026-05-26T14:59:14Z
@manirajrai-w6o,jay mato 🤝✊✊🙏🙏,0,2026-05-26T13:44:50Z
@therockhubs,यो पनि झोले,0,2026-05-26T11:53:19Z
@Diamond-t6v2e,Get outside harke,0,2026-05-26T11:21:18Z
@rajanvlog08,Chameliko teel napugyaa😂,0,2026-05-26T10:06:16Z
@RidamLamjel,Harka ko balenko jati pargati navayara ris matrai ho Ani u jatabata hunxa charcha ai rakhanako lagi je Pani garxa bas sakiyo,0,2026-05-26T10:01:26Z
@JOHNI.2,हर्क साम्पङ लाई नराम्रो देखाउन सबै झोले  मिडियाहरु लागि परेका छन तर सक्दैनस्😡😡 अन्तिम सास रहन्जेल सम्म हर्क साम्पङ को साथमा हामी छौ बुजिस 😡😡😡😡,0,2026-05-26T09:48:25Z
@JOHNI.2,Sahakri  tag ko ho,0,2026-05-26T09:48:21Z
@SRkamal-f9g7y,यो हर्केले विरोध गर्नलाई यसको औकात के छ र भन्या के यो बालेन शाहको अगाडि जल्छ के यो 😂,0,2026-05-26T09:40:10Z
@nocaption5029,Harka paad,0,2026-05-26T08:52:46Z
@lokbahadurgurung74,यस्ता मुझे ५ सिटले राजीनामा दिए भन्दैमा राजीनामा दिने हो र,0,2026-05-26T07:55:14Z
@clearvisionandfun,40 रोपनी सरकारी जग्गा धरान मा पास किन गर्नुभएछ?,0,2026-05-26T06:57:43Z
@MamataGurung-t4b,Yasto Manche lai not kalnu parcha,0,2026-05-26T05:47:05Z
@urgenlama7302,"Aafu pratipakshya ma rahada sansad bhawan ma bhui ma basera gareko birodh , ahile R.S.P ka neta Amresh ji le luga kholera gareko birodh chai "" malai bolna de sarkar"" vayo ahile prasna sodhna chai namilney ho? K.P Oli pani tanasaha banda fyakiye ko kura nabirseu R.S.P le . Janta prati jawafdehi hunai parxa sarkar.",0,2026-05-26T05:18:10Z
@Heman-P10-c8g,जलन हो अरु केही होईन।,0,2026-05-26T04:51:08Z
@prakashacharya621,हर्केको दिमाग bungur जस्तो छ.. देश कहाँ पुगिसके अझै पनि १८औँ शताबी जस्तो फर्केको दिमाग,0,2026-05-26T04:41:56Z
@GanchanKhawash,Sahakariko poisa khoii hau  rajyale nai  sarkarle nai khayeko thiyo ? R sarkarle khayeko ho r na aja jantako kar  liyer tir ne re xixj,0,2026-05-26T04:40:10Z
@RajuTamang-g9r,यो रास्वपाको गोजिको पत्रकार ! कुन नियमले निलम्बन हुन्छ हर्क अनि ?,0,2026-05-26T04:39:37Z
@PembaTamang-n9v,Aba yo harke bahulalai samsad batai nilamban garnai parchhayo harkelai nilamban nagare Kam garnai didaina sarkarlai.,0,2026-05-26T04:15:22Z
@moonnnnmn,Jay balan Sir 🙋🙋,0,2026-05-26T04:14:42Z
@Rock.drummer.prakashtamang373,Harkeko ego ho,0,2026-05-26T04:00:18Z
@binodregmi8103,हर्क बाद ईसाइ बाद!!!😠😠,1,2026-05-26T03:11:46Z
@bhuwantuladhar2055,मूर्ख झ्वाम्पाङ्ग क्युआर + भुत पुर्ब माओवादी चन्दा आतंककारी घमण्डी ...नाई मलाई त्येही प्रधानमन्त्री चाहिन्छ भनी रोईकराई हो ।,0,2026-05-26T03:00:25Z
@KamalTamang-w5j,Harka sir koi word narmro xaina harek patne hami janata le ramro sanga word bujnu harka le koi narmro boleko xaina jai harka sir sadai ramro kam yestai gardai garnu hami sath dinxam hjr lai,0,2026-05-26T02:53:12Z
@UmeshMaharaja,🐖 baad hola .,0,2026-05-26T02:16:53Z
@KamalaNeupane-gp1iw,Kp ko jhole ho yo tesaile hola😂😂😂,0,2026-05-26T02:16:05Z
@Tsedup_Dorje,Jay harka sampang ✊🏻✊🏻,0,2026-05-26T02:07:29Z
@RameshNapit-i7w,हर्के भाइ तिमी सरकार को 100 दिन पूरा नहुन्जेल चुप लागेर बसे कसो होला 🙏त्यस पछि बोल न 🙏🇳🇵,0,2026-05-26T02:05:43Z
@bibasshrestha16,"@shantikokhojima6040
सोइ ढोले सोइ QR को पैसा बालेन को गेडा मा गइ 😂😂",0,2026-05-26T01:47:25Z
@bishnuprasadneupane853,"जंगल राजकेा प्रचण्ड बाद ले नेपाल र नेपाली केाभबिष्य १०० बर्ष पछि पार्यैा ,

हत्या हिंसा अपहरण , लुट , नागरिक बिष्थापन र आगजनीबाट मुलुक खरानी बनायेा ! 

हर्ककेा चिच्याहटले मुलुकका लागि चित्याहट मात्र हेा ,

चिच्याहटले प्र म  बालेन र मुलुकलाई केहि फरक पर्दैन तर निजकेा नेपाली राजनिति धराशायि पथमा उग्र अग्रसर पथमा लम्किई रहेछ ।",0,2026-05-26T01:42:12Z
@RameshAbju-l9i,Yo cor arajak pasu kukur ho harke...,0,2026-05-26T01:31:25Z
@Syangdan136,Harke pagal ho muji rai rw limbu ko vote le nepal ko pm banxu vanxa guithe 😂,0,2026-05-26T01:15:15Z
@amardiplamsong2125,यो यो अधिकांश क्षेत्री बाहुनले चाहिँ हो। आदिवासी जनजातिबाट चुनिएर गएको नेतृतलाई मन नपराएको यो मान्छेकोले बनाएको न्युज पहिला पनि हेरेकै हो। यसले पनि भीउजको लागि विरोधै मन नभएपनि यो जैरुले पनि पहिला विरोध गरेको हेरेकै हो। भिउजको लागि यसले पनि अनेक जेसो गर्दा रहेछ जे होस् हामीले पनि नियाली आएको छ,0,2026-05-26T00:56:34Z
@nisojraee6486,पत्रकार कस्तो  खालको हो हर्क सरले १५ को २ नियम खोइ त?यो घण्टी पार्टी विपक्षमा हुँदा निलो रिबन बेरेर र बिरोध हर्क गर्दा त्यो चै मर्यादा होर?,0,2026-05-26T00:41:39Z
@TTsJholMoMo,nobody give af about harkeee guithee mu🤫,0,2026-05-26T00:31:47Z
@Suresh.12345,"harke le vanda ta yauta local bus ko Khalasi ko boli mitho huncha, aba aafai bhujnu hos.",0,2026-05-26T00:23:25Z
@binayapaudelneupane7796,Herkelai nilamban gata,0,2026-05-26T00:19:20Z
@DevGurung-e8z,हर्के बौलाएछ आफू के  गर्दैछ यस्तो घिनलाग्दो व्यबहार देखाउदै बेइज्जत,0,2026-05-25T23:31:51Z
@sujanlungeli2334,सार्कको भूमिका सही छ । बालेनले आफ्नो ब्यवाहारलाई सुधार्नु जरुरी छ ।,0,2026-05-25T23:15:54Z
@BuddhimanPandey-r6b8y,🔔🔔🔔,0,2026-05-25T23:14:02Z
@kumarshil-9283,हर्के भनेको बुद्धि नहुने QR ग्याङको मासिने झुण्ड हो ।,1,2026-05-25T23:02:19Z
@amritgharti2268,𝕙𝕒𝕣𝕜𝕖 𝕡𝕒𝕘𝕒𝕝 𝕝𝕒𝕚 𝕟𝕚𝕝𝕒𝕞𝕓𝕒𝕟 𝕘𝕒𝕣𝕟𝕦 𝕡𝕒𝕣𝕩𝕒 𝕒𝕥𝕚 𝕟𝕒𝕚 𝕧𝕦𝕜𝕕𝕒𝕚 𝕩𝕒,0,2026-05-25T23:01:21Z
@Bijaygrg01,Biased news,0,2026-05-25T22:00:17Z
@devlimbu4746,स्याल लाई काल आयो भने शहर पस्छ अरे भने जस्तै हर्क लाई दशा लागेर सांसद भवन पसेको जस्तो छ।,0,2026-05-25T21:16:55Z
@jibanpurie2396,harke pagal,0,2026-05-25T20:53:04Z
@-Rajendra-Singh-Saud-,Hark ko chakh jalxa ke balen ko kam dekhe ra balen ko bra bro grnuko lagi hark ko wakad pani hunu pryo ni,0,2026-05-25T19:46:14Z
@himal4028,Balen ji Lai vannu paryu 5. 6 pad sathama lera baseni Hoina. Balen ji le eak patak mukh dekhi dine vandine thadai,0,2026-05-25T19:18:51Z
@NagendraBhandari-v4m,३ सिटे राइ काइलो त झोला बोकेर गाउ छोड्यो त,0,2026-05-25T19:18:50Z
@DineshBasnet-c5b,Dharan people are regretting now voting for harke😂,0,2026-05-25T19:14:20Z
@saudmohan5341,Yo harke pagal nai ho,0,2026-05-25T19:09:41Z
@MadhuRokaha-iz6or,HARKE LE SANSAD BAT BAHIR GAYEKOLE NIJ LAI TYO DIN KO VATTA DIN HUDAIN. PM HUN NAKHOJ HARKE.,0,2026-05-25T19:01:51Z
@ShushilKc-p6o,अब यसरी हुँदैन ! हर्क पनि पुरानै लाइनमा छ मत्लब हर्क भनेको ओलि प्रचण्ड देउवा पछिको त्यही अर्को रुप हो! त्यसैले अबको चुनाव मा हर्के पास्टर लाई बहिष्कार गरौं 🙏,0,2026-05-25T19:01:28Z
@TejSampang,जय हर्क हर्कले मात्र यो देशलाई बचाउन सक्छ,0,2026-05-25T18:57:22Z
@balramreshmi8675,Ghanti news😊😊😊😊😊,0,2026-05-25T18:56:05Z
@TejSampang,"हर्क साम्पाङको यो बिरोध पनि हैन र अमर्यादित पनि पटक्कै छैन मर्यादा बिपरित कदापी छैन, हर्क पछाडी नफर्क अघि बढिरहनु",0,2026-05-25T18:53:49Z
@resammagar4481,हर्के पास्टर बौलाहा प्रधानमन्त्री बन्न नपायेर पागल भयेर मर्न लागी सक्यो यो हर्के दोर्सो केपि हो यो अराजक नालायेक कूलग्गार हो हर्के यो देस को लागी घातक रोग हो,0,2026-05-25T18:50:29Z
@dhangurung215,Jai mato 🙏🏻🙏🏻🙏🏻,0,2026-05-25T18:15:28Z
@xnxodin,Same law goes to Balen too.,0,2026-05-25T18:07:03Z
@sumantmg077,"संसदीय अभियास कि हर्कबाद
के प्रश्न गरेको?
सीधै भन्दिनुन 
संसदिय अभियास भित्र पर्दैन विरोध गरेको  भनिदिनुन बरु
सोतन्त्र पत्रकारिता गर्नुस  सर",0,2026-05-25T18:06:04Z
@ishwaripoudel5790,राम्रो कामलाई राम्रो भन्न नसक्नु सही सत्ते छुट्याऊन नसक्नु कस्तो देश कती पछाडी परीसक्यो मिलेर काम गर्नुपर्ने बेला तर यि दुईचार जनाले बिरोध गर्दैमा आऊटनै गर्नुपर्छ यिन्लाई फटाहाहरूलाई डाहा भएको मात्र हो यि चोरहरूले देश बनाऊॅदैन 🙏🙏💕💕🇳🇵🇳🇵,0,2026-05-25T17:50:05Z
@rawalroshan-l4h3y,यो दिमागमा गू भरिएको भेडो,0,2026-05-25T17:27:29Z
@nawarajhayu5727,"साला :-  ३ सिटे   पार्टी ले
१८२  सिटे  पार्टी लाई  ,, नियम कानुन  न सिका ल /   हर्के",0,2026-05-25T17:19:33Z
@anshuprabishnatr2565,Balen na aayepaxi Hark sampang Lai Gen Z harule bolayera gako ho vanne kura duniya media ma xa Ani k adhar ma vaneko Hark sampang aafai PM banna gako vanera. Hawa....,0,2026-05-25T17:03:14Z
@rupabhagwan,Harkale Afno manche bachaune . Ra ramro topic / progressive topic liyaune knowledge na bha ko manchhe raichhan,0,2026-05-25T16:58:29Z
@koshishlama4736,Harke😂😂,0,2026-05-25T16:47:06Z
@shyambahadurtamang7888,नेपाली माटो सुहाउँदो नेता भनेको माननीय हर्क सामपाङ नै हुनुहुन्छ । नेपाली जनताले  अहिले बुझ्दैन ।,0,2026-05-25T16:43:18Z
@Gaighat88,Harke lai nilamban garnu parchha.,1,2026-05-25T16:42:16Z
@sabinashrestha2935,Purai ego ho corrupted gov huda afai pani laune le ahile kina nihu matra khojirako ho,0,2026-05-25T16:40:28Z
@Shresthabodh,"Harka bro ,, please ask right question",0,2026-05-25T16:31:32Z
@Shresthabodh,"Harka baulayo. Frustrated and un- discipline harka. Bo violence. Bro chill. Visual talk then word. Bro harka, you getting oli, new generation oli. Pagati pachena brother",0,2026-05-25T16:30:31Z
@राजसँस्था,पागल हर्के।।।।,0,2026-05-25T16:23:35Z
@Believe1980,Patrakar bhai .. 🔔 haru le k k garyo pahila samsad bhawan ma thiyo pani vanana.. alik fair play gara afno kaam ko .. rabi thug le thukeko thau ma kaam payai.. harka ko birod ma news ta halnu paryo haina .. malik haru lai happy parnu … balen is danger for country .. harda mitho laddo vitra ko bish ho balen time will tell .. you all supporter will regret badly ..,0,2026-05-25T16:23:27Z
@binayashrestha2639,झोले पत्रुकार,0,2026-05-25T16:13:43Z
@DT-XYT,Harka sampang always great 👍,0,2026-05-25T16:11:30Z
@DT-XYT,Harka le akdin desh banauxa birodhi haruko kun mukh dekhayera basdo raixan khate haru,0,2026-05-25T16:11:00Z
@shantibhurtel2190,विचराको पत्रकारिता ! जसरि पहिलाका नेताले रवी जीलाई  पेलेको थियो त्यही व्यवहार हर्कजी लाई गरिएको छ! आफुहरूले निलो पट्टी अनि भुईमा बसेर घेरेको सामान्य थियो ??!,0,2026-05-25T16:00:53Z
@gannubhai6727,यो हर्के भनेको ओलिको दोश्रो रुप हो एस्लाइ जनताले भाटे कार्वाही गर्नुपर्ने भो,0,2026-05-25T15:59:35Z
@the.sandip.poddar,Every body hates harka… Yesta naate harka 😡,0,2026-05-25T15:59:18Z
@NoobGammar,yo Newus Aba ko 100 year paxadii koi na को ले awsya purna sampesan grnixxx jay dash❤❤❤,0,2026-05-25T15:59:08Z
@SudarshanSapkota-r9p,Yestalie vote garni manchay haru chie kasta chan😂😂,0,2026-05-25T15:56:35Z
@DDahal-i1j7j,हो यो हर्कवाद नि हराउछ छिटै  बिचमा हल्ला मात्रै गरेको हो।,0,2026-05-25T15:55:43Z
@MagalKunwar,यस्कि मा चोदाउने बलत्कार बाट पैदा भएको राडिको बान हर्के डुम सँसद बाट निलम्बन गर्नु पर्छ,0,2026-05-25T15:53:49Z
@UD2375,Gajedi ko paarako birodh gareko harka sangpang le a murkha haru,0,2026-05-25T15:46:45Z
@SushilaKunwar-j3k,yo muji anpad 😂 harkey,0,2026-05-25T15:40:49Z
@devendraprasadsah8,Q.R party ko kura na garda nai thik hun6...,0,2026-05-25T15:39:58Z
@ghangsingtamang,बाघ जहिलै बाघ नै हुन्छ बाघ को अगाडि स्याल मुला फ्याउ फ्याउ गरेर केहि फरक पर्दैन,0,2026-05-25T15:39:29Z
@tankasubedi1507,खाते हर्के,0,2026-05-25T15:37:05Z
@kcamir9559,Kp oli ko arko rup 🤣,0,2026-05-25T15:35:46Z
@Sushiandbeef,इर्श्या ले जलिराछ कुल्ली हर्के,0,2026-05-25T15:33:10Z
@asianmagar3622,हर्कबहादुर बाउलायो,0,2026-05-25T15:30:35Z
@kcamir9559,Pagal ho yo balen ko last rish garcha 🤣,0,2026-05-25T15:29:48Z
@sangmughising2017,म एउटा नेपाली नागरिक भएको कारण ले म सत्य को साथ दिन्छु गाली गर्ने जति गर्दै गर्नु जय हर्क साम्पाङ ज्यू जय माटो,0,2026-05-25T15:28:41Z
@NirmalGrg-d8d,Yo news Lai नमस्कार जय माटो,0,2026-05-25T15:27:29Z
@SubashPokhrel-b3g,Plaster Christian paster harkasampang murdabaad,0,2026-05-25T15:27:06Z
@rameshbk623,Janatale karbahi garnu parxa ab harka lai,0,2026-05-25T15:20:00Z
@bindashamrit4536,निलम्बन पर्छ अब यस्तै यस्तै चटक देखाई रह्यो भने हर्कले😮😮😮,6,2026-05-25T15:19:29Z
@bikramrajbishwakarma8296,Harke ko yo para le turkung hunxa,0,2026-05-25T15:18:38Z
@LakpaTamang-c1h,Ju bodimani thiya u pm xan jasko bodhi xain I paxadi xan te ho harke,0,2026-05-25T15:14:27Z
@sitagurung,Yo harkalai jela halnu ho,0,2026-05-25T15:06:04Z
@nOoB_leSs-inG...,If u work under thagdar then what u expect from it...bikas? no cause...I remember that thagdar head so no bikas...😅 Thagdar take over all facilities...,0,2026-05-25T15:05:15Z
@NewVersion-y6h,Ho purano neta hru le desh sakeko ho aile ko harka sampang  arrajak dherai dekhinxaw one and only light  in dark vneko balen shah ho but usle gareko parliament rejection sahakari pidit loi country ko source Dekhi dine money jasto case hru thik hoina,0,2026-05-25T15:04:32Z
@samirbaral6587,Harke haldar,0,2026-05-25T14:59:28Z
@nOoB_leSs-inG...,Susasan Haina thagdar ra Dalal harU ko sasan...,0,2026-05-25T14:58:29Z
@rajeshkhadka3634,Harke muji kp oli ko gu khane khate ho,0,2026-05-25T14:51:37Z
@mountainfitnesbdp,हर्क लाई निलम्बन गरेर देखाउ अनि तिमी हरु को उल्टो गिन्ती शुरु हुन्छ।,0,2026-05-25T14:50:46Z
@RekBdr1989,"Yo harke chaak farkey, QR wala lai yeti ramro party vako vaa kina 3 seat matra jiteko hola. Lamo ko shramdaan guithey",0,2026-05-25T14:50:26Z
@bhartiKhatri4166,Hark prime minister banna n payer tadpiraxa bichara😂😂,0,2026-05-25T14:35:59Z
@roshan.dahall,boula ho tyo manxe.,0,2026-05-25T14:35:28Z
@sujonmanandhar9654,कुलाँगार काम गरेपछि लुसिफरलाई पाता कसेको हो,0,2026-05-25T14:35:27Z
@SDPElectricPlumber,घण्टे छापहरू काम छैन,0,2026-05-25T14:33:47Z
@SDPElectricPlumber,छैन हो साथीहरु,0,2026-05-25T14:31:03Z
@JangaTamang-c6w,हर्केको जातिया बाद्ले कामगरेन जसतो लाग्छ ।,0,2026-05-25T14:29:20Z
@nirajshrestha2282,"Harka ra balen mayor
Chunab chinha lauro
Kaam garne para aafnai
Sabai nepali ko aankhama balen ra harka
Tara,.....,......
Balen pm harka tempo seat Wala sansad
Ego ho pasa ego
Jealousy",0,2026-05-25T14:16:08Z
@lahptisherpa1321,प्रधानमन्त्री ले सदनमा उपस्तिथि नहुनुको कारण के होला सदनमा उपस्तिथिनै नहुने भए प्रधानमन्त्री पद किन चाहियो प्रत्यक्ष रास्ट्रपति लागू भएकै होत,0,2026-05-25T14:12:28Z
@LaxmiChaulagain-d4t,Pani bars bar hoina Kam ko birod ho,0,2026-05-25T14:08:44Z
@दिवाकरबिश्वकर्मा,एक हनोहार पत्रकार,0,2026-05-25T14:03:00Z
@sarojlama6427,Jaba pach shite fhaure shyal kina bhoke ko,0,2026-05-25T13:55:48Z
@sarojlama6427,Harke ko sansat ma kam xaina,0,2026-05-25T13:54:33Z
@narendra12-majhi,जय घण्टी 🔔,0,2026-05-25T13:49:37Z
@GodBless0007,"हर्के , यो टोल समिति को meeting होइन है , कसैले सम्झाई दिनु होला ..  राजिनामा दे रे ?? WTF",0,2026-05-25T13:45:58Z
@GurkhasWarrior-e4w,Muji jhole nai patrukar,0,2026-05-25T13:38:58Z
@deep98980,headline halda ni suhaune gari halnu hola🙏,0,2026-05-25T13:35:01Z
@deep98980,k ho harke bad vaneko??????????????????,0,2026-05-25T13:34:02Z
@sumanpaudel-u5y,यो हर्केले चुनाव जितेको मुख्य कारण भनेको यसको ठाउको नक्सलबादी सोचाइ भएको बहुसंख्यक जाति धेरै भएको हुनाले हो नत्र यो साम्सद बन्ने लाइक को मान्छे नै होइन यसले अरु कुनै क्षेत्रबाट जित्दैन यस्तो पागल लाई कसले भोट हाल्छ ।,0,2026-05-25T13:32:04Z
@dps8021,"Harka sampanglai sabaile chinnu jaruri,",0,2026-05-25T13:30:25Z
@rambahadurbk7257,"हर्कवाद हात्तीको पाद, आयो पाद गयो पाद, पाद को के बात😂😂😂वकबासबाद हर्कबाद",2,2026-05-25T13:28:35Z
@KhagendraSangroula-o9s,यसल।इ निलमबन गरु,0,2026-05-25T13:27:20Z
@Shyamukshetri-ib5em,😅Chuxa manxe harulai padko pir sadhai?aakhir ma desh ra janatako chinta kasailai xaina Kina?sahi galat xuttaune dimag xaina ki kya hora?,0,2026-05-25T13:25:18Z
@arjunrizal9710,3 seate guithe lai kna highlight?,0,2026-05-25T13:16:39Z
@lawatitv672,❤❤❤ i love harka sangpang,0,2026-05-25T13:08:10Z
@DipakBahadur-tz7ev,हर्कबहादुरलाई प्रधान मन्त्री चाहिएको हाेला,0,2026-05-25T13:04:35Z
@dilbahadursunar17,हर्के बौला यो बाँदर न आफ्नो घर बनाउँछ न अर्कालाई घर अर्काको बिगार्छ।,0,2026-05-25T12:55:01Z
@rocktheworld3465,Yo media pani rsp ko ho tw k thulo vo aru ati vanna,0,2026-05-25T12:45:20Z
@sandiprai9964,Jholebadh van patrukaar! Patrukaar nispakcha hunaparne Tara ta patrukaar kasko patti sabai charlanga dekhincha,1,2026-05-25T12:44:28Z
@yubrajpandey3948,बच्चा जस्तो हर्केको आफ्नै हर्कतले आफैलाई सक्दै छ!!,0,2026-05-25T12:41:16Z
@brickrai3127,😂😂😂😂😂😂 15 ko 2 namaanney ko ho rah? Harka pratipakhya ko neta usko kaam sarkaar lai sahee baato maa dohoraauney ho ni 😂😂😂😂 pad maa basna sajilo cha?,0,2026-05-25T12:39:23Z
@TaKToKJ,Harka Sampang is right there ❤,0,2026-05-25T12:27:35Z
@sukhzen4285,Ooo! Harka sampang ko re video dekhayara paisa Kathe pawxa?,0,2026-05-25T12:22:53Z
@astrophiletrades,Pagal bhegute mug,0,2026-05-25T12:21:42Z
@NikeshChhetri-p6s9g,Yesko kin video banauxan k yo…mu..g ko,0,2026-05-25T12:20:41Z
@PrakashBrnwal,Harka ko sansad ko pad nai kharej garnus savamukh mahoday,1,2026-05-25T12:16:17Z
@lilasubedi7366,Herata pagal bhukeko,0,2026-05-25T12:16:00Z
@lilasubedi7366,Tamaasha matra garchhan yo harke  😡😡😡😡,0,2026-05-25T12:14:33Z
@jayathapa679,❤❤❤ harke ko patan nischit chha,0,2026-05-25T12:12:50Z
@sharmakishorsharma7186,3 सिटे QR मुला।।technology ले के के बनाई सक्य यो भन्य रिन लाग्छ भनेर ढुङ्गा कुट्नि अरे।,0,2026-05-25T12:11:21Z
@BasantiSalaka588,yo harke pagal le chunab aginai yesto behora dekhako ho yesta pagal KO samsadh banne like ko manxe haina testalai vote dine haruni pagal nai ho,0,2026-05-25T12:07:45Z
@BasantiSalaka588,pagal harke,0,2026-05-25T12:05:21Z
@SatakshiKarn,राम्रो गरे। ❤हर्क,0,2026-05-25T12:02:49Z
@PurnabahadurRanabhat,हर्क सरलाई रेस्टिकेट गर्न मिल्दैन? यस्तै भैराख्यो भने देश कसरी बन्छ त???,1,2026-05-25T12:02:37Z
@bhimlama6920,दिमागै नहुने मान्छेलाई भोट दिएर जिताएर बेकार,0,2026-05-25T11:54:05Z
@eeeeeee6153,यस्तालाई  कसले  नेता मान्छ र  ।,0,2026-05-25T11:39:08Z
@padamyamphu5729,Harka for law and order,0,2026-05-25T11:38:47Z
@padamyamphu5729,Harka in law and order,0,2026-05-25T11:37:56Z
@DEEKENLIMBU,हर्केको गार्ड जलेकोहो सङ्गैको साथि प्रधानमन्त्री भएर😡,0,2026-05-25T11:37:11Z
@somraj7012,हर्केलाइ केपिकोजासुसि,0,2026-05-25T11:13:25Z
@dharmaacharya9481,Das misses hospital lanu,0,2026-05-25T11:10:35Z
@jagangurung8901,"सांसद भवन मा समय अति महत्वपुर्ण हुन्छ,
हर्क राई ले यसरी सांसद भवन मा कसै लाई ब्यक्तिगत रिसिवी राखी यसरी बिरोध गर्नु गलत हो, हर्क राई लाऊ कारवाही हुनुपर्छ",0,2026-05-25T11:09:48Z
@BinodRinhong,Herdai jam satya k ho samaya aayepaxi thaa hunx,0,2026-05-25T11:07:45Z
@asimsikari5948,Yesto unpopular sansad kasto lai jitayera pathako sansad bhawan ko virus,0,2026-05-25T11:02:12Z
@AngchhojeSherpa,होइन यस्तो मान्छेको कुरा पत्ताउने को राम्रो कुरामा सपोर्ट दिन्छ भने हामी पनि तयार छौं तर तर विरोध मात्रै गरेर फाइदा छैन। ३ करोड जनताले म्यान्डेट दिएको चाहिँ के यसकै लागि दिएको😥,0,2026-05-25T11:01:57Z
@justforknow5815,News ho ki bhram😂😂😂😂,0,2026-05-25T11:00:17Z
@Robertkeerati,जे कुराको डर थियो अबो तेइ हुनुलागिरहेको छ लातो का भुत बातो से नहिमान्ता 😅😅😅।।। अति गर्नु अतिचार नगर्नु ।।।यो ३ सिटे लाई  निलम्बन गरेको राम्रो हुन्छ ।। जो कोहि आफन्त देश बिकास बिरोधि भएमा सुरुमै कारबाहि गरेको राम्रो।।प्ल्ज ।।।।जय बालेन सरकार ।।,1,2026-05-25T10:56:45Z
@santoshraisantoshrai8099,Naya kepi oli naya sarkar cheese🔔💀,0,2026-05-25T10:56:22Z
@Karnali_Hub,"जनताले परिवर्तन खोजेका थिए,तर फेरि उही शक्ति,उही संरक्षण र उही राजनीतिक खेल देख्न बाध्य भए।

“वाचा थियो ठग समात्ने, अहिले अवस्था ठग जोगाउनेजस्तो देखिँदैछ। समयले सबै हिसाब माग्नेछ।”

जब न्यायालय, राजनीति र शक्ति एउटै प्रश्नमा घेरिन्छन्, तब जनताको विश्वास सबैभन्दा बढी घाइते हुन्छ।",0,2026-05-25T10:56:01Z
@nakul_124,Harka lie herda haso lagna thalyo,0,2026-05-25T10:48:52Z
@taranathsiwakoti3217,"बल्ल हर्केले भाँडभैलाे गर्न काम पायाे । साबुन, बेसार र खानेपानीकाे हिसाब कहिले देखाउने ? कि पच भयाे ? गफ मात्रै ठुला गर्ने । जनताले तिम्राे मुल्याङ्कन गरिरहेका छन् ।",1,2026-05-25T10:48:04Z
@harishah6042,एउटा संसदले सरकारका प्रधानमन्त्रीलाई संसद प्रती जवाफदेहि बनाउन खोज्नु कुन परिभाषाले हर्कवाद भो ट्यापेको दलाल ?,0,2026-05-25T10:43:55Z
@MinaBhattarai-b5z,हर्केकाे एक मात्र उधेस्य बालेन सरकार ढाल्ने अाफु मन्त्री बन्ने 3 सिट भए पनि याे कति अराजक रघमण्ड हाे जातियर द्वन्द गराउन पुरानो पाटि र इसाई सङै मिलेकाे छ अझै यस्तो हर्केकाे अराजक राेकिदैन भने माटे सबैको पद निलम्बन गर्नुपर्छ सभामुखले,0,2026-05-25T10:37:19Z
@ranilshrestha4321,हर्क आफ्नै घर फर्क। नगर धेरै वाइहात तर्क।,0,2026-05-25T10:36:55Z
@simonmen2378,"Ek no Gamandi,Arishe,hepaha ani  jatibad 😡",0,2026-05-25T10:27:58Z
@noob-basticgamer3969,हरके को व्यवहार हेर्दा त् हरके नभएर नरके पो रहेछ ! यस्तो तुच्छ व्यवहार देखेर त् मलाई लाग्छ कि मेरो गाईहरुको गोठाले सम्म हुने लायक रहेनछ !! कठै नरके को संस्कृति 😂😂😂,0,2026-05-25T10:22:25Z
@aha7671,PM lai pani niyam samjhaune ho ki?,0,2026-05-25T10:21:56Z
@mandevchand5759,बौलाहा हर्केको के कुरा गर्नु हो,0,2026-05-25T10:18:34Z
@princevlog-x3h,timro samachar pani ghantiko ganda aayo hoi bhai asto patrakaritale dubaux timilai  sarkar jabap dehi hunu parx ki nai?,0,2026-05-25T10:18:21Z
@gomthapa6646,Gante chor pati😂😂,0,2026-05-25T10:16:30Z
@gomthapa6646,Ghante pati kam xaina😂😂,0,2026-05-25T10:14:48Z
@KrishnaKarki-n4i,Yeni haru hijo birodh gardai aayaka Hun tesaile yeni haru birodh gare ko man parauodainan.tesaile WA WA garnus tesai khas chan,0,2026-05-25T10:13:48Z
@princevlog-x3h,aba ghanti pani janx khola ma herdei jau pahile ghantile pani gareko thiyo asto tw purano party harayo aba tei lakxyan dekha pardeix hai sathi ho,0,2026-05-25T10:12:08Z
@AnitaRai-c6j,Harka le thik garyo,0,2026-05-25T10:04:32Z
@palden74,सरकार प्रमुख प्रधानमंत्री में ही अनुशासन नहीं है। न,0,2026-05-25T09:55:06Z
@riryan9394,🌸🌸🌸🌸🌺🌺🌺🌺,0,2026-05-25T09:52:02Z
@sankhagaming1,Yesto pagal lai sansad ra mananiya manidinu parne hare nepali ko bhagya,0,2026-05-25T09:51:44Z
@keshabchaudhary1635,हर्केलाई अब संसद बनाउँदैन्न हे ध्यान होस ।,0,2026-05-25T09:49:18Z
@SaritaRai-hn4gw,Balen cahi kuna naboleko,0,2026-05-25T09:47:07Z
@rajghimire2637,"३ सिटे गुइठे ले प्रधानमन्त्रीको सपना देखेको होला, कानुन पढ्दैनन कि थाहा नभएको ? सायद यो जुनिमा हर्के प्रधानमन्त्री बन्नु एउटा दिवा सपना मात्रै हो !",0,2026-05-25T09:46:53Z
@KarunaLimbu-lt7uh,घण्टी हरुजन्ताको तेक्स सहकारिलाइ दोनु रैछ अनि सद्न्मा जान्छ त,0,2026-05-25T09:38:35Z
@bhabindrapoudel9887,नैतिक  नभएको  मान्छे हरु समसद मा पुगे पछि यस्तै हो,4,2026-05-25T09:37:45Z
@rajkumarb.k3051,Nalayek phataha harke murdabad nice 👍👍 rasapa sarakar ❤❤❤❤❤,0,2026-05-25T09:34:34Z
@rajkumarb.k3051,Nalayek phataha harke murdabad nice 👍👍 rasapa sarakar ❤❤❤❤❤,0,2026-05-25T09:32:26Z
@AsmitPaudel-gs2jm,हर्के को हर्कत ठिक लागेन,0,2026-05-25T09:31:20Z
@HariSharanGajmer-z3v,"Hernus ma Balen ko kharo supporter ho..but ekchoti Balen le sambodan garda chai k jancha? @Sidakura team, Dherai Rabi ra Balen ko ando bhkta pani nahunus.",0,2026-05-25T09:30:20Z
@kr7568,"Sabaile Birod garirachan,jntale dekhi rachan, Harka le matrai birod gareko cha ra?? 🤑🤢🤮",0,2026-05-25T09:29:32Z
@PabitaWosti,Harka jhole khate ho  nepal sarakar yaslai kada karabai hos,0,2026-05-25T09:28:47Z
@PreetimaPoonmagarnee,हर्कपद भन्दा अरु कुनै विकल्प छैन,0,2026-05-25T09:27:39Z
@Diffrent_View4779,"He is just a labour, not leader!!!",0,2026-05-25T09:27:36Z
@Chitokhaber1,"निलम्बन गरेर त देखा ना
खरानी हुन्छ",0,2026-05-25T09:24:54Z
@Chitokhaber1,सहकारी ठगलाई तह लगाउने हर्क,1,2026-05-25T09:22:53Z
@Chitokhaber1,जय हर्कबाद,1,2026-05-25T09:22:21Z
@SantiThapa-b4o,हर्केले ईगाे साधेकाे हाे । बालेन प्रधानमन्त्रि भयकाे देखर मन मनै जलेकाे हर्के कहिले पागल पन देखाउछ कहिले अल्लारे पन देखाउछ,0,2026-05-25T09:20:15Z
@BishnuPun-of9gk,Satya tito hunxa mediamaanipulate gare jasto hudaina kanxa ho desh chalauna satya bolera aaja kei hudaina satya satya ho nepali janta veda vaisake....aafno bibek prayog garooo belai ma buddi aaos ghantey haru ko,0,2026-05-25T09:17:39Z
@JK_View87,एउटा मेयर चाही PM अर्को मेयार चाही नाथे संसद मात्र भन्ने सोचले जलिरहेको मान्छेलाई हर्के भनिन्छ तर हर्केको जिन्दगी जलनमा नै जान्छ,0,2026-05-25T09:09:53Z
@UBSK12,यो विदेशी दलाल हर्के muji लाई चारपाटे मोडेर देशै भरि घुमाउदा हुन्छ,0,2026-05-25T09:07:05Z
@sanjayathapa6494,When a donkey is popular he thinks of himself as a lion 😂,0,2026-05-25T09:05:10Z
@chimegrg2175,"Yo media haru pani harka ko matra news kina halnu paryo , pagal media jholey haru 🤮🤮👋",0,2026-05-25T09:01:03Z
@bims_k5251,harke lai nilamban nai garnu parx . personal ego lier sansad xirnu bhane janamatako abahelana apaman garnu ho.,0,2026-05-25T09:00:53Z
@No.1YouTubeVideo,"एउटा खुस्कट, अर्को एक्स्ट्रा VIP । यी दुवैलाई संसद बाहिर राखेर रास्वपालाई काम गर्न दिँदा कस्तो होला ? इगो भन्दा काम प्राथमिकता होस् 🙏",0,2026-05-25T09:00:02Z
@chimegrg2175,Harka pagal pipe Ra stones bokda ni thik cha mula timi 🤮🤮🤮,0,2026-05-25T09:00:02Z
@unique1shrestha280,harke lai pm chaiya x 😂,0,2026-05-25T08:59:21Z
@skdbgjsdbf,Harke haldar badar gothalo,0,2026-05-25T08:59:15Z
@TekSingh-yd2hd,Sidha kura—- please you go to pashupati parking area and make a VDO. Money has been collecting for many years over there but people including foreigners are having top time with dusty and dirty parking. What do they do that money. Please find out,0,2026-05-25T08:52:13Z
@ganeshbohara3278,हर्के पागल।,0,2026-05-25T08:51:37Z
@S_U_B_O_N_R_A_I,यो  पत्रकार झोले हो भन्ने कुरा सबैलाई थाहा छ यो च्यानल रास्वपा को हो कोहि नक्झुकिनु होला । एक तर्फी कुरा गरिरहेको छ ।एस्तो मिडिया भएपछी कहाँ बाट देश बिकास हुन्छ । थुक्छु एस्तो पत्रकारिता लाई ।,0,2026-05-25T08:51:20Z
@Random69-0,Balen muji garib mara sarkar🖕🏼 tmiharu ko kaal ho harka ..182 vs 1 ✊rsp le chai poili birod gareko birsyo ki kya ho yo sarkar le tyo chai maryadid thiyo 😡😡,0,2026-05-25T08:50:20Z
@matrikachamlagain,जय नेपाल जय घण्टी जय रवि दाइ जय बालेन सरकार🔔🔔🇳🇵,3,2026-05-25T08:49:52Z
@mbk45vlogs,Sacho bhanum bhane Daha bhako ho harka lai …. Sangai rajniti maa xireki manxe PM bho aafu Bhane samsad matra,0,2026-05-25T08:45:26Z
@premgurung380,actually k ho karan ?kina ? Bhanera po janta ko agadi reporting prastuti garne ho media ko kaam …one sided hunu bhaneya yo reporting channel,0,2026-05-25T08:42:27Z
@LimsnarenHaang,Harke le kehi naapdaina,0,2026-05-25T08:41:44Z
@MadanRai-x7d,Ghantay haru lay j garay pani thik janta ko aawaj samsad lay suni ho tihe kura samsad lay pradhan matri savamukh lai sunauni ho vanira janiko xa yo ghantay haru lay ra pani khairo khani rako xa jati badi kharanay haru,0,2026-05-25T08:39:22Z
@RaviShrestha-b7w,Qr Bata napugera ab foundation ko naam ma thagi dhanda garna khojdai xa 😂,0,2026-05-25T08:34:25Z
@ÐNW丨NembaNg,Hoina kasto khalko ho yo putrakar,0,2026-05-25T08:34:02Z
@Ausing-h6n,Chor muji lutera harke laat haanu parxa muji jhole ho hosiyar,0,2026-05-25T08:32:30Z
@shatrudhanshatrudhan1893,Desh bhakt jindabad Chor dalal jhole haru muRdabad jay desh Nepal good job Raspa Sarkar desh Philo hunu parchh go ahead Nepal Sarkar ❤❤❤,0,2026-05-25T08:31:32Z
@RanaGokul-nw3vy,Laaj ko pasaro guithy😂😂😂,0,2026-05-25T08:24:56Z
@Bhimmagar19,हर्क को हर्कत गारो छ!😻,0,2026-05-25T08:18:45Z
@ManBahadur-v2k,"हर्क साङपाङ लाई निलम्बन गर्न,,नसोचे पनि हुन्छ,सभा मुख ले,,,,यो अकल्पनीय कुरा हो,,उहाँ ले ससद मा जायज कुरो नै उठाएको छ त।",0,2026-05-25T08:18:13Z
@BishnuKatel-l1i7l,हर्क को हर्कबाद मलै चाॅही आची पुछेर फालिदिए,0,2026-05-25T08:16:47Z
@JeevanKasera-tb9je,Harke मुजिलाई दुई छापड हान्नुपर्ने,0,2026-05-25T08:11:07Z
@BishnuKatel-l1i7l,हर्क यो सरकार असफल गराउन न्वारन देखीको बल लगाई रहेको देखिन्छ,2,2026-05-25T08:09:44Z
@chandravlogs1232,Chetwaani k ka laagi,0,2026-05-25T08:06:38Z
@haripant8559,Harke Saudi tira farke timro Kam xain Nepal ma pagal,0,2026-05-25T08:05:34Z
@sudhirkandel2259,"ranibari ma k garera gais tha hola ni harke
thukka",0,2026-05-25T08:05:28Z
@sudhirkandel2259,"harke jattha kulli huna layek. nilambait garenu parcha
jattho. khatte tyo muji pm ta napis harke",0,2026-05-25T08:04:36Z
@sumankhadka4185,Harke Lai aba public dulyaii dine bela bayeko Cha samaj badne yesta durga prasai jasta le afno faida ko lagi je ni garcha,0,2026-05-25T08:04:33Z
@Subiralemagar,Good Harka,0,2026-05-25T08:03:05Z
@साम्दीतुपकुलुङ,balenko galat chai xa ki xain? Tyo vannupardain nispaxya patrakarle😅,1,2026-05-25T08:02:37Z
@SanjayaLimbu1,Harka bhaneko Raja ho. Ghamandi ra Khedo khanne haruko Raja. 😂🤣,0,2026-05-25T07:59:06Z
@Pramod-t4s,BALEN chahin ko ho ni - sasand maa nai naaune ???????????????????,0,2026-05-25T07:58:21Z
@BhumikaRai-e5c,Thula le j yarda ni hune sana lai chai niyam kanun ko dharma k garnu hau patrakar pani bikri vayepaxi yasari nai ektarfi report banaunu uchit hain,0,2026-05-25T07:54:26Z
@dr.kiranadhikari2455,"Loktantra , pratipakxya ko arthaa nabujhne nepali veda janta harule harka sir lai sajiloi bujhna sakdoinan ..
Veda nepali janta haru Birod garna vanda agadi loktantra , pratipakxya ko artha bujh pahila.

Harka sir🫡🫡",0,2026-05-25T07:54:25Z
@amanrout354,"संसदमा कुर्चि हानाहान् गरेकाे समय बिर्सिस,सभामुख अर्याल,तँ सभामुख ले सचिबालये लाई साेध्न पर्ने भय,सुभास नेवाङ् लाई स्वतन्त्र युबाहरुले किन मारेकाे,सुभाष नेवाङ् काे हत्या भयकाेछ,सुन रासाेपा,तिमरु पार्टी हैन यक यक जना हाै राजा झै भयका,अब मुलाकट्नेझै गरि काट्नेकि काेरा हान्नेकि,उस दिन नजिक नजिक अाईरछ,हर्क साम्पाङ् सकलि म हु,तँ संसद अल दरबार हत्याकाण्ड र देश जलाउने मा छस्,नेपाल मा त पहिलाे ज्ञानेन्द्र शाह नकाप धारि झुन्डिने रछर यी अनैतिक भयकाे,बुझिस तँ ज्ञानेन्द्र शाह लाईत कुल्चि कुल्चिमार्न पर्छ,भबिस्य तेसरि मार्न पर्छ बुझिस बिज केपि यउटा हाे नसकलि अरु हैन रछ तँ पनि राजा कुकुर यक पटक हैन सय पटक गणित रेकर्ड देखाउदा नमान्ने,कामी,शिंह दरबार जलाउछुभन्नेले जलाउदा दाेस छैन अपराध छैन,माेदि यउटा दलित हेरेर खेल लम्बायकाे तँ नकाप ज्ञानेन्द्र शाह फेमलि,जिउदाे जलाईदिने दिन अाउछ,बुझिस,सकलि जलेकाे पनि हाेला,तेराे निवामाबलि,सभामुख सब रेकर्ड मा छस् पखन रन्डि पुत्र हाे,पहिला चाईनाले गणित हेरेर मेराे हजुर बुबाकाे हक अधिकार दियर,हेरेर २०२१/1964 बुझेर,मेराे अधिकार दिय तिमरुकाे दशा के गराैला,मलई इन्डिया चाईना संग सबाल छैन तिमरु नेपाली संसद नेपाल जलाउने राजा मार्ने,र थपना राखेकाे राजा फाल्ने,हरुकाे दशा के हाेला,देख्छस्,रबि बालेन अर्याल साेर्णिम,२०२१ साल 1964 साल माहाकाल छ,र सेक्रेट छ भनेर नाईठिङ्गल चराकाे पाठ पढिनस् संसद त्याे माेदि बिज पापि नेपाल इन्डिया यउटै हाे भनेर नमानेर,हिन्दी फिलिममा कयाै मन्त्री हरुलाइ पुलिस ले अगुठा छाप नंमर नंमर केहाे भन्दा हागुजि थाहानभयकाे,र लात लात हानेकाे माेदि ले जय शङ्खर ले अमित साहा ले बुझेकाे रहेनछ,जनसंख्या धेरै भयर हैन नकाप हाजि वजि माेदि,४ सहिद हेर्लास् २००६ साल मा र अंग्रेजी 2006 साल पनि हेर,दशा के हाेला माेदि,तँ माेदि भन्नुनै हिन्दी भाषि सबै हुन् ब्यापारी भन् या बैज्ञानिक लिखितछ,नमाने खरानी हुन्छस्,लाटाे र बहिराेकाे पाठ पढिनस् लेखेर दे बाेलेकाे सुन्दैनन् बुझ्दैनन् भनेर पढिनस् र ब्ल्याक बाेड्मा सर मिस ले लेख्न लगायनन्,लाटा र बहिरा लाई भनेर लेखेपछि सर लाटाे बहिराे कनेर हाहाहा गर्दै नाटक गर्दै हासेका,र उनी हरुले झन् राम्रो लेखेर दियका,पढिस खाम चिट्ठी समय पाठमा,गईस् माेदि,झुन्डिन तयार हुने,राजनीतिक शिक्षा गणित इतिहास रेकर्ड ग्रन्थ  बिज्ञान हैन भनेर लाटाे बहिराे काे पाठमा पढिनस्,जिब्रो काट्छु कयाै संसद नेता हरुकाे,मेन तँ माेदि हाेस,अपराधी चाईना मेराे छिमेकि देश हाे २०२१ सालकाे,र बरणमा मराे नेपाल काे छिमेकि देश हाे ईन्डिया पाकिस्तान बंगलादेश भुटान के राजनीतिक थाल हाे नागरिक हरुकाे रगत पिउने,तँ बिज माेदि पखन तँ माेरेपनि तेरा हाजि वजि हिन्दी भाषि हरुकाे कुन दशा हुन्छ अाउने समयमा,यी नेपाली संसदनै हैन नेपाल मा राजनीतिक गर्नपाउदैनन्,लिखितछ,भुमिनै छैन केकाे राजनीतिक २०२० साल के हेर,अनि राजनीतिक गर्न भुमि चाहिदैन,नत समाउने हागाछ नत टेक्ने खुड्किलाछ,तिमरु राजनीतिक हैन हाे,पखन माेदि ४ सहिद समणझाउदैछ,चाईनाकाे सिजिङ्पिङ् गणित रेकर्ड 1964 नमाने झुन्डाउछु भनेर कयाै पटक लेखेर दियकाेछु,भने तँ अंग्रेज काे दास,परिचालित,नकाप हुल रहलास् माेदि माेदि बनाउदै लाखाै माेदि झुन्डाउछु १ घन्टा भित्र २०२१ साल नमाने नेपाल ईन्डिया यउटैहाे भनेर नमाने,तेराे के दशा गराैला माेदि बाेडर खुल्ला हेर कुन नेपाल कुन् ईन्डिया २०२१ साल हेर कुन नेपाल कुन बंगलादेश ,मार्दिन्छु माेदि द्राेपति,जय नेपाल जय श्रीराम 🌍️🐄🔱🎧️🇳🇵🇳🇵🇳🇵🇳🇵🇳🇵🌄🔬🌬️🔥",1,2026-05-25T07:54:16Z
@surajgiri4235,Harka = India's Kejriwal😅,0,2026-05-25T07:51:59Z
@maharamegh,Go Ahead Balen. We are with you❤,1,2026-05-25T07:50:50Z
@ArcyyBlox,हर्के भन्दा गाऊको जोत्ने हलि को चेतनाको स्तर र देस जनता प्रतिको माया धेरै छ,0,2026-05-25T07:43:35Z
@JeniSerpaili,Khatey harkey😡😡,0,2026-05-25T07:42:21Z
@ghanagiri9996,Balen saga badla,0,2026-05-25T07:41:53Z
@BireTamang-u6c,सुँगुर खानेको बुद्दी यस्तै हुन्छ🌹बुद्दी छैन हर्केको 🌹यस्तै बानिले हर्के ले धेरै  दु:ख पाइन्छ🙏बुद्दी नै जिब्रोमा हुन्छ 🌹घमण्ड ले कस्तो कस्तो के के भयो सबै लाई थाहा नै छ🙏म पनि तमाङ्ग हो 🌹🙏र म साकाहारी हु 🌹🙏हर हर महादेव🌹🙏,0,2026-05-25T07:38:00Z
@ArcyyBlox,ईगो हो यो दलाल को,0,2026-05-25T07:37:55Z
@SEPNdi,Nilamban gare ta hera desh aago balxa yaad rakhos,1,2026-05-25T07:36:19Z
@Yukesh-thapa-69,हर्के मुजि पागल हो।😂😂😂,0,2026-05-25T07:35:52Z
@santoshtimalsina5345,Sungur lai khor ma thik hunxa samsad ma hoina 😡👊,0,2026-05-25T07:25:21Z
@d21gaming89,Junai jogi aayeni kanai chireko vaneko yei ho,0,2026-05-25T07:25:00Z
@Basantchepang14,Hatayekai ramro jai ghanti,0,2026-05-25T07:24:54Z
@fun_media-hindi,Harka Sampang is KP Oli 2.0,0,2026-05-25T07:16:28Z
@toyotabhai6037,काङ्ग्रेस यमीले को बिरोध गरदैन हर्कले किन होला,0,2026-05-25T07:15:49Z
@dhanrajrai5255,Harka le matrai khojeko ho ra???,0,2026-05-25T07:14:25Z
@deepakmaharjan5022,Tyasta mula guithe lai pm banay janta sabai dhuga bokaun Dharan lancha jantha le.  No pm yasta Maobadi ko chauro lai,0,2026-05-25T07:11:26Z
@kulbdrsitaula7596,Harke manxe hoina kp oli ko gadha ho thukka 🔔🔔🔔🔔🔔🔔💪🏻💪🏻💪🏻💪🏻💪🏻💪🏻💪🏻,0,2026-05-25T07:05:53Z
@mhmqusyairi6825,यो पाखण्डी लाई धरानको जनता ले किन नबुझेको होला,0,2026-05-25T07:03:25Z
@AmeenAmeen-t9j,Balen birodi matrai Haina yho nathe tta desh ko bikash birodhi nae ho. Daran ma Pani eslai kasaile pataudaena  boli ra bewar Le garda,0,2026-05-25T07:02:44Z
@AnilGadal-s7h,राजनीति आउन नमिल्ने गरि एस्लाइ निलम्बन गर्नु परो,0,2026-05-25T06:59:40Z
@sisnudhedo75,The speaker must reign over disorderly Harkey and should literally throw him out of parliament.,0,2026-05-25T06:58:48Z
@prabinrai7814,15ko2 first hunu parcha,0,2026-05-25T06:56:44Z
@prabinrai7814,One man army👍💪💪💪💪,1,2026-05-25T06:55:08Z
@BandanaRai-m8z,Yo sidhakura lai negative  kura bahek aru garnu aaudain ki k ho??,0,2026-05-25T06:53:03Z
@npraj2102,पत्रकार ले अनी १५ को २ हर्क ले भनेको चाई किन पढेर नसुनको? के छ त्यसमा? सभामुख ले सम्झाको पढेर सुनाए पछि हर्क ले पनि सुनाको पढेर जनता लाई यो रैछ भनेर जानकार गर्नु पर्दैन?,0,2026-05-25T06:48:27Z
@Furba44,Yo khate harke le political instability lyauna khojdaixa pakhe ! Manxe le mann ramro boli matra kharab bhanxan tara malai tw yo khate ko mann thik xa jasto lagna xodisakyo,0,2026-05-25T06:47:35Z
@GNewsgaoule,Balen is great❤🔔🔔🔔👈️,0,2026-05-25T06:46:58Z
@BijayRaiThulung-f1e9s,Aru sarkhar huda kurchi tebul torfor voko ho naya kuro hain hajur sir😊,0,2026-05-25T06:46:25Z
@deomanlimbu5852,"यो मिडिया र अहिलेको सरकार एउटै हुन कि क्या हो आफ्नो आंङमा हात्ती हिडेको नदेख्ने अर्काको आंङमा जुम्ब्रा हिडेको मात्र देख्ने सोसियल मिडिया भनेको सत्यतथ्य के हो त्यो दिनु पर्छ नत्र सरकार पक्ष भएर कहिले पनि पत्रकारिता नगर्नुहोस् भन्नु चाहन्छौं ।
नम्बर १ प्रधानमन्त्री बेगरको देश प्रधानमन्त्री बेगरको सदन प्रधानमन्त्री बेगरको जनता भनेको अर्थहिन हुनेछ यसको कुनै औचित्य हुने छैन । त्यसैले यसलाई सरकारको सबैभन्दा ठुलो गल्ती हो भन्ठानेका छौ ।
भने पछि हाम्रो प्रधानमन्त्री को जवाफ चाहियो सभामुख ज्यु प्रधानमन्त्री देश भित्रै छन् र बिमारी छैनन् भने नियमले ल्याउनु पर्ने हुन्छ  भन्दा केको गल्ती केको निलम्बन ????
संसारमा कहि नभएको बदनाम कमाउने सरकारले गर्नु खोजेको चाहिन के ??????
जय माटो जय देश ❤️❤️❤️❤️❤️🇳🇵🇳🇵🇳🇵🇳🇵🇳🇵💪💪💪💪💪",0,2026-05-25T06:43:57Z
@ezal2071,Nonstop and Nonsense 😂😂😂😂😂😂😂,1,2026-05-25T06:39:35Z
@ninashrestha5873,केपिको अर्को रूप . यलाई संसदबाट निकाल्नु पर्छ । जय रवि जय घण्टी,0,2026-05-25T06:38:19Z
@duluwaa7,3 seatey PM😂😂😂,0,2026-05-25T06:38:03Z
@Khadia-j6o,हर्क वाद होइन Qr वाद हो,0,2026-05-25T06:36:58Z
@sapanalama9435,"Yo harka pagel lai nilaman gar nu par cha , Pagel harka bauela kukur",0,2026-05-25T06:32:19Z
@susanchristian8752,Yestai muji harule garda desh bikash na vako garne lai garna nadine ani sabai khana matrai khojne ani vanne bikash gardaina yo sarkar 😡😡😡yo mujiko ta thoprai dekhera rish uth hau,0,2026-05-25T06:27:54Z
@MandipBhandari-k1k,Harka paster ho rai limbu party 😂😂😂,0,2026-05-25T06:27:15Z
@Bishalwaiba-b1t,कसतो राडिको छोरा रैछ यो पनि अबो यसको घर मा जानू परछज्सतो छ सरकार ले हामरो कुरा सुन्नु पर्दैन यो पत्र्कार को मुखम मेरो लाडाे हल्नु पर्ने रैछ मुजि,0,2026-05-25T06:20:15Z
@bhaikajibhandari5695,Timichai yesto nango hunegari rabiko bhakta banna xada bhai patrakaar ya mediakarmi hau bhane nispakshya khalko videos banau.abata yo sida kura bhanne program nai rabi lamichhne le timlai chalauna lagsko jasto lagnathaisako,0,2026-05-25T06:14:28Z
@originalchannel5703,🙏🏻🙏🏻,0,2026-05-25T06:13:17Z
@sujanpoudel4643,जती विरोध हर्क जी ले गर्नु हुन्छ त्यति नै राम्रो balen जी लाई हुने हो 😂😂,0,2026-05-25T06:11:30Z
@tangsangthalang1795,Jay mato jay desh 🇳🇵🙏🏻,2,2026-05-25T06:11:12Z
@Bhee-May,तिमी जतिको घण्टीको मुखपत्रले अर्को सामपानी प्रति यतिको विश्लेषण गर्छ भन्ने पनि आशा थिएन। जे भएपनि धन्न हर्कवादको विषयमा जानकारी दिएछ,0,2026-05-25T06:10:06Z
@AsherRai-q9f,Harke bhaneko eekle dhedu ho,0,2026-05-25T06:09:02Z
@nimashyonzan7596,Rsp reporter…?,0,2026-05-25T06:07:05Z
@DurgaLimbu-s5e,Balen media😂😂😂,0,2026-05-25T06:06:38Z
@user-laxmangiri,यो सुङ्गुर हर्के खाते कुल्ली,0,2026-05-25T06:00:37Z
@yogeshlimbu1372,Ghanti pati ko patrukar😂😂,0,2026-05-25T05:59:51Z
@LovelyRose-s9k,जय हकॅ बाद🙏💕💕🇳🇵सत्यको  एकदिन जिदं  हुन्छ जय माटो🇳🇵🇳🇵🇳🇵,1,2026-05-25T05:59:48Z
@sarojkasaju3677,Dui kaudi ko harke ko ego😂😂,0,2026-05-25T05:58:57Z
@ishwarpallitngl,Atankabaad bidrohi harka sampang bahiskar hnu parxa😮,0,2026-05-25T05:58:53Z
@JuliocesarVillalobos-s9x,Harke jasto pagal nai  Samsad ma  Mananiya  bhayo bhame yo Samsad  lai ke  bhanne ??,0,2026-05-25T05:58:09Z
@thepostman02,"यिनि लात खाने भुत हुन, बातले मान्दैनन। सभामुख महोदय 🙏",0,2026-05-25T05:56:05Z
@shworrame7434,Mula tin site sungurko Kam xaina sadhaiko lagi bida bhaya jhan Ananda hune thiyo.,0,2026-05-25T05:56:02Z
@thepostman02,धराने जनताहरु पछुताउदैछन 😢,1,2026-05-25T05:54:59Z
@animeedits-h9e,Irshya ley manchey KO...budhii nash huncha vanthey ho raicha,0,2026-05-25T05:54:30Z
@LhapsangKarpo9,"Good Job!
Jai Nepal ❤
Jai Balen ❤",0,2026-05-25T05:52:49Z
@joshiakabar7305,Thik xa harkeko kura. Balen ghamandi hudai gaako xa,0,2026-05-25T05:51:26Z
@RoshanSuchikar-y3n,hark lai bycut garam arazkta pati,0,2026-05-25T05:50:31Z
@RoshanSuchikar-y3n,balen le kam garnu vako xa,0,2026-05-25T05:49:41Z
@RabinRai-s5t,"Nepal ma pani godi media aaaipugyo , kati poisha khaiyo broooo",0,2026-05-25T05:48:44Z
@RoshanSuchikar-y3n,Harke oli ko choro,0,2026-05-25T05:48:39Z
@JuliocesarVillalobos-s9x,Yo pagal Harke bahulayo ki ke ho. ?,0,2026-05-25T05:45:23Z
@kcganesh3973,लिल्बन गरनु सर्छ,0,2026-05-25T05:43:58Z
@thapaliquors,"Harke aba media trayel ma fasyo, gayo samsad pad khaais aba harke guithe, 😂😂😂😂",1,2026-05-25T05:37:57Z
@munakhanal8269,Yo harke lai khedaunu paro,0,2026-05-25T05:37:33Z
@Prakashdangi609,यो मान्छे गलत छ जस्को हर्कतले पुस्ट्टी गर्छ! एस्ता ब्यात्तीबाट कहीलै देशमा सान्त्ती हुदैन हर्कलाई बहीस्कार गरौ नत्र देशको लागि घातक हुनसक्छ ✍️✍️✍️✍️🔔🔔🔔🔔🔔,0,2026-05-25T05:34:26Z
@Ajaygurung-114odv,Pagal kukur Harke,0,2026-05-25T05:34:00Z
@SagarSharma-c9x,Harke mujhi dalal joker ho,0,2026-05-25T05:33:29Z
@basantashrestha8404,Harke को harkat herda teslai चिडियाखानामा lagera राख्नुपर्छ,4,2026-05-25T05:31:38Z
@arjunentertainment9055,सबै हर्कको🤣गल्ती देखायो यो पत्रुकार ले तर बालेन को गल्ती देखाएन झोले ले के कारन ले यस्तो हुदैछ भन्ने प्रस्ट पार्न सकेन रास्वपा झोले ले,0,2026-05-25T05:30:21Z
@रावातावासेरोफेरो,"प्रधान मन्त्री बिनाको संसद बैठक के अर्थ हुन्छ?
आफ्नो बिहेमा अर्को बेहुला पठाउँदा हुन्छ?",0,2026-05-25T05:30:00Z
@prempariindu5901,सङ्गैकाे साथी प्रधानमन्त्री भएकाेमा डाहाँ गरेकाे हर्केले अरु केही हाेईन,0,2026-05-25T05:25:42Z
@49krashmiofficial67,यो हर्केको मुख हेर्दनै बादर जस्तो छ झन ब्यहार त बादरको नै छ,0,2026-05-25T05:24:43Z
@sorajshahi,"Harkabad zindabad
Jay hos",0,2026-05-25T05:24:02Z
@bhimbahdurbhandari6153,हर्के qr को नाममा ठगी गर्ने गिरोहमा एक नम्बरमा छ।,0,2026-05-25T05:23:08Z
@nimeshghimire7385,harka le bhaneko chai k ho ? tyo niyam chai khai bhaneko ? ghante media. .,2,2026-05-25T05:21:41Z
@bhimbahdurbhandari6153,"हर्के बाद होईन हर्के विवाद हो, यो हर्के आरिसे प्रवृदिको कपटयुक्त पास्टर हो। यसले देशको भलो भन्दा आफ्नो दुनो सोझ्याउने मनसायले भरिएको छ।",0,2026-05-25T05:21:40Z
@bulandaaawajnepaltv5993,थुक्क तोइले त जनजाती को नै बदनाम गर्यो यार,0,2026-05-25T05:21:24Z
@DipakKhadka-l7l,guithe ko pani rajneeti sakiyo ... aba arko chunaav ma 284 seat liyera aawnu ani sansad chalawnu 3 seat lyayera furti garnu pardaena laaj saram xaena,0,2026-05-25T05:21:13Z
@sudenrajbhandari9158,"हर्क र उनका समर्थकहरूलाई निलम्बन नै गर्नुपर्छ। दुई-तिहाइ मत पाएको पार्टीलाई नेपाली जनताले त्यसै भोट दिएका होइनन्। हर्क जस्तो जातीय मतका आधारमा आएका व्यक्तिहरूलाई, १८२ सिट दिएर जनताले सुम्पेको यो जनमतलाई अवरोध गर्ने कुनै अधिकार छैन। यस्ता अन्धभक्त र गैरजिम्मेवार व्यक्तिहरूलाई तत्काल निष्कासन गर्नु नै सबैभन्दा राम्रो विकल्प हो।",4,2026-05-25T05:19:33Z
@bulandaaawajnepaltv5993,यो साले खाते हर्क आतंककारी हो,0,2026-05-25T05:18:56Z
@nabinpanta8815,बालेन कम गर्न आएका हुन तर हर्क बोल्न र विरोध गर्न मात्र फरक यही हो,0,2026-05-25T05:18:36Z
@LilHanuman-7,हर्क देशको कलंकको ऎसलाई निकाला गर्नु पर्छ।,0,2026-05-25T05:18:19Z
@Mr.Bikashyt1,Next time pattasaf hunxa Qr,0,2026-05-25T05:18:15Z
@jeevanthapa-sg9ms,Harke boot ho😆😆😆fff ko,0,2026-05-25T05:16:33Z
@RabinMagar-e7f,हर्के पागल को कुरा नगरू हो 😂😂😂😂,0,2026-05-25T05:15:50Z
@UnishaLama-v4k,Yo harki ta pagal ho ki k ho🤪🤪,0,2026-05-25T05:15:14Z
@DevkumarRijal-j4p,"एउटा भ्यागुताले जङ्गलको पोखरिमा पानी पिउन आएको ऐरावत हात्तिलाई तैले पानी पिउन पाउदैनश यस्मा मेरो अधिकार छ यदि मेरो आज्ञा वा  अनुमति विना पानी पिउन खोजीस भने लात्तले हानेर लडाई दिन्छु भन्ने त्यो भ्यागुता र हर्के एउटै हुन। जनताको ताजा जनादेशले बृहत् शदस्य शंख्या सहित वालेन प्रधानमन्त्री बनी देश चदाउदा नाथे ६ सिटे हर्के प्रतिपक्षिको पनि पुछारमा रहेकोले म प्रधानमन्त्री हुनु पर्छ, म चलाउछु शरकार भन्नू त्यो पाजी भ्यागुता जस्तै हो। हर्के नेपालकै घमन्डी, माकाफुई र मपाईत्व छाट्ने आडम्वरी, ईर्श्यालु वन्दैछ जुन कुरा उशैका लागि धेरै हानिकारक वन्दैछ।",0,2026-05-25T05:14:15Z
@ramthapamagar5954,केको हर्कबाद हो मूला क्यूआरबाद हो,0,2026-05-25T05:13:14Z
@HMTRANDOM,हर्क सांङपांग पागल 2:11 😮,0,2026-05-25T05:11:55Z
@durgasubba9854,Big salute harka sir,0,2026-05-25T05:11:10Z
@snkrsrstha5377,Bhag harke tero churifuri derai  bhayo,0,2026-05-25T05:06:11Z
@serizawatamao4946,"12 dekhi majale paddai garnu paryo
eniharuko vharosa ma nepal xodna sakdina 🇳🇵 😢",0,2026-05-25T05:01:32Z
@timromuskan9462,Harke pagal ho,0,2026-05-25T04:55:56Z
@samirshakya1342,Yestaaaa harkey samsat ma basna layek ko manchee haina janta ley ramrori kaam gar vanera 2 /3 diyeko ho pelera nai aagadi baad pm balen timi aafno kaam garera aau ani matra brief garney ho mailey yo yo garey vanera 30 barsa ko fohor safa gardai garda naya fohor pani sangai barera lagdue,0,2026-05-25T04:55:19Z
@sovarai2699,ढुङ्गा बोक्नी हैसियत भयेको हर्क लाई सान्सद पद पायेर धेरै घमण्ड बडेकाे छ । म आफू मात्रै राम्रो अरु सबै नराम्रो भन्ने सोच हर्क को दिमाग बाट निकाल्न जरुरी छ ।,0,2026-05-25T04:54:52Z
@sarusilwal6699,मन्त्री बन्न नपाएकाे आकराेस हाे याे ।,0,2026-05-25T04:54:44Z
@bishnubhandari8112,chetawani hoina yaslai nilamban garnu parxa.,0,2026-05-25T04:53:54Z
@UNEXPECTED-77-r6y,21 सिट जिदा पहिला रासपाले निलो स्कारर्फ लायेर बिरोध गर्दा मर्यादा भो बालेन्को झोले मिडिया 😂😂😂😂,1,2026-05-25T04:53:34Z
@krishnabahardurprashain8645,हर्के ले भनाइमा राजीनामा dineho,0,2026-05-25T04:52:56Z
@NabinbeghaLimbu-mv1jk,Niyam ko 15 pani vanna jhole media,0,2026-05-25T04:49:21Z
@Hari-j1n,"संसदबाट बालेन  प्रधानमन्त्री बने, तर बालेन एकपटक पनि संसदमा बोलेका छैनन् ,सरकारका निति तथा कार्यक्रम  राष्ट्रपति द्वारा संसदमा प्रश्तुत गरिरहदा बालेन बिचमा उठेर हिडेर अनुशासनहिन र अमर्यादित व्यवहार देखाए, त्यसपछि  प्रधानमन्त्री न संसदमा अाए न सांसदहरुको प्रश्नको जवाफ दिए,बालेन संसद प्रति जवाफदेही र उत्तरदायित्व देखाएनन् ,त्यसैले फलस्वरूप हर्क साम्पाङले बिरोध गरिरहे ,बिरोध को शैली हातमा पम्प्लेट देखाएर गरे ,अन्य बिपक्षी  सांसदहरूले  पनि बिरोध गरिरहे ,,सभामुख संसदको स्वतन्त्र हुनुपर्नेमा राश्वपाको मात्रै जस्तो व्यवहार देखाए ,प्रधानमन्त्रीलाई संसदमा उपस्थित हुन रुलिङ गर्न नसक्ने सभामुख तठस्थ देखाउन सकेनन् र संसदको गरिमा कायम गर्न सकेनन्",0,2026-05-25T04:47:20Z
@AshokTamang-x9h,Yo ucha aadalat ko mananiya ni change huna jarure. Bhai bandi gare rako x testo ni hunx.,0,2026-05-25T04:46:00Z
@PrakaashNathYogi,Suspend him,0,2026-05-25T04:43:24Z
@R75758,🙏ONLY THE KING OF KINGDOM OF NEPAL HARKA SAMPANG 💪💪✊🙏,0,2026-05-25T04:40:21Z
@tekrajkapadi8238,Kam xain yasto harkeko,0,2026-05-25T04:39:55Z
@316GRGYUBA,अभद्र ब्याबहार गरिरहे निलम्बन आबश्यक छ।,0,2026-05-25T04:39:01Z
@loksewasahayatri,"बकमफुसे हावादारी हर्के !!!
चुपचाप धरानतिर फर्के😅",0,2026-05-25T04:36:56Z
@remnantj.b.official,ptrukhakar,0,2026-05-25T04:35:06Z
@PRK.gorkhali,यो रासापा को media हो अफ्नो पार्टीको गल्ती देख्दैन,1,2026-05-25T04:34:11Z
@maniac-z3o,Harke PM banyo vani ta marigaye NEPAL basdina,0,2026-05-25T04:33:09Z
@HemSangita,harke madari,0,2026-05-25T04:32:02Z
@sthapitshan1052,K yesto Goethe ko kura hami nagarik le sunnu parne ho r?,0,2026-05-25T04:31:55Z
@MalatiThapa-l1z,Harke sampag ko samsad pad Nilmbha griyos ati arajak bhayo harka ji .,0,2026-05-25T04:31:52Z
@devnarayansapkota4566,Goru harke kukur,0,2026-05-25T04:31:36Z
@kkg8785,nilamban gare hunchha yo jungali sungur lai...,0,2026-05-25T04:30:57Z
@हिमालआले,सला हर्के पस्तारलाई निलन्बन गर्नु पर्छ यो क्युआर कोतेलाई,0,2026-05-25T04:28:50Z
@rambk8994,Harke runche 😂😂,0,2026-05-25T04:25:50Z
@ChetanKhatri-v6v,👍️👍️👍️👍️🙏🙏🙏,0,2026-05-25T04:24:29Z
@PemaRupesh,"श्रम स्रस्कृती, नाम अनुसारको व्यबहार भएन। के पारा देखाको यो??? पहिला जति प्रसङ्स हुन्थ्यो अहिले त्यो भन्दा बढी आलोचना भैरहेको छ यो कुरा बुज्नुपर्ने हो। त्यस्तै पर्यो भने निलम्बित पनि गर्न बाध्य हुनेछन् सभामुख ।",0,2026-05-25T04:23:13Z
@kamalJeena716,Harke Pagal ho,0,2026-05-25T04:22:29Z
@Goku_Sir,Jay mato,1,2026-05-25T04:21:22Z
@Tobehonest480,Yo guithe laii vote dinu nai thulo shrap ho,0,2026-05-25T04:18:41Z
@KamalNepal-y8l,Harke 😂 Pagal ho,0,2026-05-25T04:15:24Z
@RamkumarRajbanshiRamkumarRajba,"Harke ek international country ko paster ho, Nepali Hindu lai creation religion ma change garne kam garx ,paisa chanda mager church ma invest garx r baki paisa afno goji ma halx 🥺🥺",1,2026-05-25T04:15:21Z
@gunjaksthapa2721,😂😂 harkelae nilamban vako din herna paam 😂😂,0,2026-05-25T04:14:39Z
@SugamTamang-t1u,Herdai ja muji ghante haru aba kasari hallauxa 5 site le. Harkeko pawar dekhxas aba bistarai. Ta harule,0,2026-05-25T04:14:24Z
@Ruslan-k9c,गुइथे,0,2026-05-25T04:13:57Z
@laxmanthapa1157,"😂 प्रधानमन्त्री बन्न नपाए को रिस्, केपी ओली को नी बाप् निस्के 😅",4,2026-05-25T04:13:55Z
@DurbakcNepal,Harki ko egoo,0,2026-05-25T04:12:48Z
@DurbakcNepal,Hakri  ko ego dherai xa,0,2026-05-25T04:12:40Z
@RF彡SurenDra,Harke pagal mula,0,2026-05-25T04:12:34Z
@Nbkirat-revolution,संसद्मा हर्कले बलेनको विरोध गरेको होइन सरकारको विरोध गरेको हो भनेर समाचार लेख्नु है।,0,2026-05-25T04:12:18Z
@hakimdai4333,He is crazy,0,2026-05-25T04:11:43Z
@morty4429,Gawarbad guithye pastor,0,2026-05-25T04:11:40Z
@Pyara_Suraj,He is the Mamta Banerjee of Nepal 😂. He will see in the next election!! All the best Harkey 🙏🌺,0,2026-05-25T04:11:24Z
@thecreativeman6087,"हर्के, गुईठे ,अहंकारी घमण्डी ,पातकी ! सबैभन्दा म राम्रो हुँ भनेर हर्कवाद नारा चलाउन खोज्दैछ, यस्ताे व्यक्ति देशको नेतृत्व पुग्यो भने डुबाउँछ।",1,2026-05-25T04:10:01Z
@MadanBk-h7u,🙏🔔👌🔔👌🔔👌💞🔔💞🔔✊🔔✊✊✊✊,0,2026-05-25T04:07:39Z
@youko7357,Harke rajinama dee kaam xain tero,0,2026-05-25T04:07:30Z
@DineshRai-tz6sg,अगाडि बढ्नुस् हर्क जी! Your role has been appreciated! यो सरकारलाई सफल बनाउनुपर्छ।,0,2026-05-25T04:07:14Z
@AmitGhimire-g4q,Baulaa paastar,0,2026-05-25T04:04:27Z
@tasmishra8218,हर्क पागल हो,0,2026-05-25T04:04:03Z
@NarendraMagar-q6k,अब हर्केलाइ pm बनाउन पर्ने भयो 😂😂,0,2026-05-25T04:01:20Z
@Amritdarnal64Amritdarnal64,Yasto pagal harka KO Kura kasle manchha ta ho,0,2026-05-25T04:00:39Z
@Kimjonbudhathoki,सुंगुरको अनुहार परेको हर्क सामपाङ गधालाइ पागल भनेर चिन्छौ,0,2026-05-25T04:00:12Z
@Rana-Magar7,हर्के सीआईए को एजेन्ट हो बिस्तारै पर्दाफास हुँदैछ  धैर्य गर्नु होला😒,1,2026-05-25T03:59:53Z
@guruchalise-o7n,"झोले मिडिया मुला
प्रधानमन्त्रीलाई जवाफदेही बनाउनु गलत हो र?",2,2026-05-25T03:58:28Z
@ShivaBhattarai-g4d,हर्के काम छैन,0,2026-05-25T03:58:22Z
@ranjiott,Harke chor,0,2026-05-25T03:58:21Z
@gokarnaacharya6499,हर्के लाई ढुङा बोक्न ठिक थियो किन होला भोट दिएको धराने जन्ताले 🤔🤔🤔 यसरी त पुरानै दल हरु लाई फाइदा पुग्ने भो हर्क को कारान ले गर्दा  ।। कसतो न बुझेको हर्क ?? यसैत पुराना दल हरु दाना पानि  बन्द भएर सर्कार लाई दोश लगाउने र न्वारान देखि बल लगाका छन कसरी हुन्छ सर्कार ढाल्न लाई,0,2026-05-25T03:57:18Z
@diwaslama1499,Rabdi ko xora ghante ko joley muji,0,2026-05-25T03:57:13Z
@govindamagar2498,"हर्केलाई 
ऐंठन मात्र भएको हैन 🙈 
बालेन 
प्रधानमन्त्री भएर राम्रो काम गरेकोमा 
महाऐंठन भएको हो ✌️🇳🇵💯🇳🇵🇳🇵🇳🇵🇳🇵🇳🇵🇳🇵🇳🇵🇳🇵🇳🇵🇳🇵🇳🇵🇳🇵🇳🇵🇳🇵🇳🇵🇳🇵🇳🇵🇳🇵🇳🇵🇳🇵🇳🇵🇳🇵🇳🇵🇳🇵🇳🇵🇳🇵🇳🇵🇳🇵🇳🇵🇳🇵🇳🇵",5,2026-05-25T03:57:08Z
@RajKumar-vq5rh,"Harkya muji pm hoinaw 
Gothalako KO layak Pani xaina",0,2026-05-25T03:55:44Z
@ARick_499,HARKA SAMPANG is king❤,0,2026-05-25T03:55:29Z
@KajiThapa-l2r,Asta paster kukur harke aukat bas sala thak🤣😅,0,2026-05-25T03:54:38Z
@ARick_499,Harka Sampang is greatest poltical leader 🎉❤,0,2026-05-25T03:54:32Z
@sharbalallamgade1569,Harke ko mukh ma Ladies period pad le mukh band garnu parxa 😂😂😂,0,2026-05-25T03:54:26Z
@rimixbindas5210,हर्क पहिला त ठिकै लाग्थ्यो तर अहिले किन यस्तो हुँदै छ। के अहिलेको नया भनिएको पाटी पनि  मुखमात्र बजाएर बस्नु पर्ने?? नत्र के को लागि बिरोध प्रधानमन्त्री नबोलेको कुरामा यत्रो बिरोध?? के बिकास नचाहेको नै होत?,0,2026-05-25T03:53:30Z
@thapindrasigdel5510,अरुकेहि हैन याे पास्टरेले पास्टरसम्बन्धि प्रचार गर्न नपाएर हाे याे बाैलाएकाे।,6,2026-05-25T03:53:16Z
@reshamlamsal271,यो m.g हर्के को काम छैन 🙏🙏🙏,0,2026-05-25T03:50:04Z
@MaheshSunam-h2u,एस्लाइ बादर धपाउने काम दिनु राम्रो हुन्छ ...हर्के लाई सुहाउदो काम एहि हो,0,2026-05-25T03:49:37Z
@T.GDailekhi12,"पत्रुकार जि, सरकार सांसद प्रती जवाफ देहि हुने कि नहुने,? सधै लुकेर भागेर देश चल्छ,? एकतर्फी समाचारको कारण पनि देश यो गतिमा गयको हो ,, र यहाँ आयर गाली गर्ने गजेडी र सहकारी ठगको नालायक कुकुरहरूले यो बुझेको छैन प्रतीक्ष पनि जनताको आवाज हुन भनेर ,सरकारले अर्थात मन्त्री प्रधानमन्त्री ले जवाफ दिनु पर्छ , भागेर लुकेर हुदैन यो कुरा घण्टे पत्रुकार लाई पनि हेक्का होस,, जहिल्यै जनता लाई मेनुपुलेट गर्ने पत्रुकार यता खाडी आउ सङ्गै बेल्चा हानौला",0,2026-05-25T03:48:49Z
@ratand-dasgurung5157,Yo harkey shyal guithey ko k kura garnu karauni kam ho karai rakhxa k hi makho mardaina,0,2026-05-25T03:48:41Z
@pawanoli6392,3 seat Harke Aafno Aukat Tha xa ni ?,0,2026-05-25T03:48:34Z
@MilanraiRainepa,Mg thagko jhole,0,2026-05-25T03:48:26Z
@Bishnu-qn3ec,Harka belagam jantu ko,0,2026-05-25T03:48:21Z
@NgawangSherpa-i6n,lamichaney ko jhole putrukar 😂😂,0,2026-05-25T03:47:51Z
@Sayrakark,Thokka harke,0,2026-05-25T03:47:43Z
@Durga.durgatinashini.111,Pakhey harke,0,2026-05-25T03:47:24Z
@MadanPoudel-l8g,प्रधानमन्त्री संसद प्रती जवाफदेही नहुन पर्ने हो??? अब रा स्व पा ले बिकल्प खोज्नै पर्छ ।,0,2026-05-25T03:47:19Z
@KamalAbhinashTamang,Harke and followers are idiots they must be punished,0,2026-05-25T03:44:21Z
@Anime-tw4nc,Chayao ta pm ta 👊,0,2026-05-25T03:42:58Z
@LaxmiSapkota12,बिना मेसै बकबक गरेर भाईरलहुने काक😡,0,2026-05-25T03:38:28Z
@Rongkop2,Yahi ho one man is enough to wake up the parliament,1,2026-05-25T03:35:35Z
@BlackBelt-z7n,"हर्के गुईठे घाँस खाने नै रैछ, पतनकाे बाटाे हिडेकाे छ गुईठे, राम्रो ठानेकाे याे मुजिलाई काम न लाग्ने घाँस रैछ । बालेनकाे अगाडि याे मुजिलाई तुलना गर्न मिल्दैन्🔔🔔🔔🔔",0,2026-05-25T03:35:09Z
@Rongkop2,Jay mato,1,2026-05-25T03:34:25Z
@gurunggaming797,Harka Sampang ja vaneko thiyo tyo sab thik vannu vako ho,0,2026-05-25T03:31:13Z
@PunamBk-g1r,yo harke gada lai lathanera lakhetnuni salekukurlai,0,2026-05-25T03:28:23Z
@Gghggfghnhhjn,Khate hark,0,2026-05-25T03:26:54Z
@ramilaghimire7796,Yo harke lai kina nanikaleko😮😮😮,0,2026-05-25T03:25:25Z
@Leo-bx3bs,"How narcissistic can a person be ? He has literally named a thinking behind him and he expect people to follow it and accept it.. ""Mao bad"" comes from Mao from China.. and Harka wants HARKABAD...",0,2026-05-25T03:24:38Z
@lilarajadhikari,कुल र मुल साेधेर काम गर्नु भनेझैं हर्के पुर्ब माअेाबादि भयकाेले उग्रवादी भयकाहुन यस्ता उग्र लाइ उग्र रुप बाट नियम कानुन बाट हटाउनु पर्छ,0,2026-05-25T03:24:31Z
@bharatghimire6239,हर्कै हल्दार को काम छैन।,1,2026-05-25T03:24:06Z
@ibemhal,यो हर्केलाई शुरु देखि मिडियाले अनावश्यक महत्व दिएर फुर्केको ।,8,2026-05-25T03:23:56Z
@RupeshBastakoti,Yestho pagal harky jastho manxy samsad huni deserve gardaina yeslie vote dini pani kastho manxy k dykhyra diyo hola lagxa,0,2026-05-25T03:22:56Z
@KumarKb-k3t,"यो झोले खाते लाई निलम्बन होस् 
यो खाते बढी नै भाको छ अब यसलाई नेपाल सरकारमा कुनै जागिर पा पाउनी गरी बर्खास्त होस्।
यस्ता रेबिज लाई हटाउन पर्छ",6,2026-05-25T03:22:31Z
@mrsiwakoti,Harka need immediately psychiatrist medical treatment,0,2026-05-25T03:21:32Z
@gm6234,Harkey lai nilamban gardiu,0,2026-05-25T03:18:36Z
@naamchhaina4200,Nilamban thoknu parxa harkelaaii pagal ho harke,0,2026-05-25T03:18:32Z
@ExpatGurung,यो साले खाते बालेनको आची जति पनि होईन के को Ego ?,0,2026-05-25T03:17:57Z
@RajBhatrai-q6m,हर्के चोर हो पागल QR ठग,0,2026-05-25T03:17:01Z
@NagendraPoudyal,Chanda uthai Khana palkeka thag haru yo desh KO mantri bandainan,0,2026-05-25T03:16:46Z
@Sherpagamers,हावा धरी मिडिया हर्क सम्पाङ ले भनेको नियम १५ चहि तेरो कान 👂 फुटेको छ त्यसमा पनि कुरा गरौ मिडिया RSP party हो थुक बिर्सेको 😂😂😂,1,2026-05-25T03:11:26Z
@KaramjitRai-k5p,Yeslai jalan vako ho balen pradhan mantri vayekoma,0,2026-05-25T03:10:30Z
@hiramagar2752,"को हर्क 
यस्तो पागल पछाडी लाग्न थाले प्रत्रकार",0,2026-05-25T03:09:58Z
@mankunwar6832,बालेन साहा सङ राजीनामा माग्न कत्तिको झायेज हो व तेयो प्रकिरिय ले नै बोल्नुपर्छ त्रर भन्देेेे ग्रदा साम्पाङ ज्यु ले ल  मत हिने भनेर हिने पसि निस्किनु तेयो शहेलि कत्तिको झायेज हो,0,2026-05-25T03:09:34Z
@hiramagar2752,"सहकारी पिडितलाइ सधै पिडित बनाएर राजनीति गर्ने दाउपेचमा , सहकारी पिडितले पैसा पाएकोमा हर्कराज राई अत्यन्तै दुखी छन - रातदिन निदाउन सकेको छैनन । यिन्लाइ जनताको समस्या र समाधान को बिचमा बसेर राजनीति गर्दै भोट बैंक स्थापना गर्नु छ । जसरी पनि प्रधानमन्त्री बन्ने सपना देखेका छन । सरकार २४ घन्टालाई भएपनी अनौपचारिक प्रधानमन्त्री भएको घोषणा गर्दे । plz",0,2026-05-25T03:09:06Z
@aahaan1240,Jungali haru sahar pase paxi..halat yehi hunxa...,0,2026-05-25T03:08:41Z
@chulgurung5292,हर्कको संसदको पद खारेज  गरिदिनुस मोहदाय,61,2026-05-25T03:08:06Z
@KhilnathBastola-d9h,हर्के ले देश मा अराजक गराउन चाहान्छ एस्ता अराजक लाई बेलैमा एस्ता लाई बाइपास गराउदा राम्रो।। हर्के पागल हो जे पनि बोल्न र गर्न सक्छ है,0,2026-05-25T03:07:56Z
@RaajKumar-yq6cf,"हर्क बाद,❌❌❌❌
व्यक्तिवाद ✅✅✅✅
😂😂😂😂😂😂",0,2026-05-25T03:07:35Z
@susant81,"हर्कको अर्कै भित्री कथा छ जस्तो लाग्छ, सरकार होशियार भएर चल्नु पर्छ, देशमा जातीय, साम्प्रदायिक र भौगोलिक बिखन्डन र बिकाश अवरोधको लयमा देखिए जस्तो महशुस हुन्छ । वास्तविकतामा के हो र किन प्रधानमन्त्री पछि हात धोएर लागेको हो ? बुझ्न जरूरी छ ।",0,2026-05-25T03:07:26Z
@DjdjsgtubFjc,सम्सद बाटै निलम्बन हुनु पर्छ यो गुइठे,0,2026-05-25T03:04:30Z
@raiprakash3057,सरकार जवाफ देहि हुनु पर्छ तँ पत्रकार  नियमलि  १५ को २ को किन कुरा गरिनौ त ! तँ स्वातन्त्र पत्रकारिता गर,0,2026-05-25T03:04:15Z
@PurnaShahi-s4l,Pagal harke,0,2026-05-25T03:03:37Z
@SushilNeupane-e5v,"haina tapaile yo news the thik xa dekhaunu bho. aaba aauta news update gardinu na yo hawaldar le qr marfat leko paisako ko k ho khash kura tyo ni clear gardinush na.. yesle paisa khako xaina ta? yo news ni dherai jana hami tapaiko regular viewer lai ni confusion xa. chadai gardinu hola. yo harka pahile maobadi ko chanda atanka dekhi qr, beshar factory, appointment dharan nagarpalikama sabai.",0,2026-05-25T03:02:14Z
@rajutamang4693,हर्के चोरसालालाई सदनबाट लखेट्नु पर्छ।,1,2026-05-25T03:01:47Z
@misguided7620,"श्रमदानको नाममा लाहुरेहरूसँग चन्दा उठाएर, चन्दाको पैसाले पार्टी सञ्चालन गर्ने र प्रधानमन्त्री पदका लागि गरिब र सुकुम्बासीको नाममा गरिने राजनीति नै हर्कवाद हो।",35,2026-05-25T03:01:39Z
@Buddha-Limboo,Tero patrakarita pani heriraxa janta le sahakari thag lai xutdeko bare chup chap xas aaja harka lai naramro dekhaunu khojdaixas haina gadha,0,2026-05-25T03:00:34Z
@sandevluhar9291,1000 भन्दा कम भएको साथी यता हाजीर हौ 🙏,0,2026-05-25T02:59:43Z
@Thefinalcut9457,Jhole putrakar 😊😊,0,2026-05-25T02:58:52Z
@milanpariyar9734,3 sit lera pm banna pauxa rw kanun ma tei vra tw rajinama mageko hola qr le😂😂,0,2026-05-25T02:57:08Z
@milanpariyar9734,6 maina ko pm ma balen le sath diyena vnera teii ris le ho ego guethe ko kaam xaina,0,2026-05-25T02:56:12Z
@sanjivlama9,Harke muji daran mai thik thiyo,0,2026-05-25T02:55:21Z
@limbuneedon,Yaslai laat hanera samsad batai khedawnu parxa,2,2026-05-25T02:55:07Z
@sumitmandal2520,Hami harka li ab ghrinaa garxau ab..yo pagal ho,0,2026-05-25T02:53:52Z
@royzo-mipo,यो पागल हो भन्दै छ जेनजीले र 20 वर्ष सम्म जेलमा हाल्नुपर्छ भन्दै छ जेनजीले,0,2026-05-25T02:52:00Z
@Gp_Rx,हर्क ले गरेको कै हर्कत सही नहोला तर एजेन्डा सही छ बालेन दुई तिहाई को दम्बले चुलिदैछ यस्तैहो भने उनिआफ्नै कारण ले आफैलाई अफ्ट्यारो मा पार्दैछ।,0,2026-05-25T02:51:18Z
@mayakhadka9529,हामी स्कुलजादा एउटा सर आउनु भएन  भनेर घर जान पाउछौर हर्के,5,2026-05-25T02:51:15Z
@GopiPoudel-l1v,Pradhan Mari hunalai ta haisiyat hunxa paryoni ta😂😂😂😂,0,2026-05-25T02:51:06Z
@babishshrestha7030,Bichara harke Pradhan mantri huna ta payena aba sungur haruko adhaxya bhayera bas QR master yesko Pani xanbin hunu parxa.yesta harami haru sansad ma chahidaina..bato banaune paisa Pani khayeko xa re yo sungure le,0,2026-05-25T02:50:59Z
@fulmayapandey1993,अरु साम्सद कोहि बोलेको छन यो हर्क को काम छैन यो निलम्बन हुन जरुरि छ सबै जनता ले हेरि रहेका छ्न बुझ्न  जरुरि छ दादागिरी  चदैन,0,2026-05-25T02:50:54Z
@niranjanbista2748,Esta nathe lai jitayesi estai ho,0,2026-05-25T02:48:32Z
@bil4249,हर्क होईंन गोरू हो,0,2026-05-25T02:46:52Z
@DramaRecap11,Balen le chai question ko answer Dina sakdaina k para ho. At least bolnu tw paro harka le jasari berod gare pani balen le answer dinu parxa transparent government is needed. Result pani dekindaina in 1st week jasto speed pani dekindaina. Need more speed news herna alxi lagna thali sako.,0,2026-05-25T02:44:43Z
@bhisank.c6972,पाँच सिटीले आम जनताको मत लत्ताउन पाउँदैन।,85,2026-05-25T02:44:27Z
@KHIMBAHADURRIMAL,Harka g meyor banne layek ko Pani hoina samsad kasari hunu bhayo Khai byabar ta hat bajarma phrsi ka munta bechne byapari ko jasto xa ajhai herdai jam Kati samma Tala jharnu hunxa tyo ta Janata le herna Baki nai xa,0,2026-05-25T02:39:37Z
@sulazchhetriolee,Pagal Gu khanxa yeslay 😂,0,2026-05-25T02:37:06Z
@suryadawadi1120,Pagalbad😂😂,1,2026-05-25T02:36:22Z
@Nepalfanko,😂❤,0,2026-05-25T02:35:35Z
@TravellingWithKal,Is Blen under Influnce in drugs ?,0,2026-05-25T02:33:56Z
@bharatsunar2145,"हर्के जस्तो घृणित दुष व्याक्ती यो संसदमा लायक छैना,संकटकालमा नक्कली मावोवादी बनेर चन्दा आतंक मच्चाउदै लुट्यो,मेयर भएसी श्रमदाता बन्दै लुट्यो,अहिले संसद भएसी क्युआर मार्फत पैसा उठाउदै लुटेको छ,न यस्को हिसाबकिताब देखायको छ,पारुहाङको मुर्ति बनाउना 14 करोड उठेको तर सम्बन्धित व्याक्तीहरुले हिसाबकिताब माग्दा पनि दियन,तर कसरी दियोस् त सबै लुटेरा खाएको छ,यो नालायक लुटेरालाई यहि मुद्दा लायर जेल हाल।सरकार",0,2026-05-25T02:33:45Z
@khemapandey3847,Jay janta ko sarkar🙏🌹,1,2026-05-25T02:33:13Z
@MR_DHAMI64,QR party chaldain,0,2026-05-25T02:31:49Z
@suryadawadi1120,Yo harkea chor ko pachade harana khukur haseko sala 😅,0,2026-05-25T02:31:38Z
@shadowsvlog2912,Samsadiya niyam chai..kebal.. kebal… harka sampang lai matra lagdo rahixa hai.. balen chai… xada goru jhai… huda..bal nai… xahina….Sarkar ko  janta saga jodiyeko janjiban ko  prasna rakhana pani napauune…Prime Minister chahiyo .. prasna ko utar pauuna banda..samsad ma na auune.. bipakshi ko prasna ko question face garna nasake? Yo democracy ho autocracy ho..RSSP ko MP haru.. janata ko kar… ko bhata kayera….. parliament… na aauda ni bal xahina.. yes ma chai samsadiya marida ka go?….Niti tatha kariyakram pess huda balen …. Prime minister justo manxe … samsahiya mariyada haat handa.. chai… kai na hune….RSSP.. haru le chai….21 jana MP .. bhuee ma basne… kitap padne…birod gare .. ko thiyo ta .. theti khera chai.. samsadiya mariyada chai .. ka gako thiyo RSSP ko…?…Sida kura.. k ho bane balen …RSSP ko.. hali vanyera basdai na.. j manlagxa tai garxa….. RSSP ko haru just afunu  Laz bachau na just balen ko galti cover garna khojdai xa..,1,2026-05-25T02:31:14Z
@rameshpandey9194,यो हरके लाई  वेटेनरी मा लगेरा भैसी लाई लगाउने सुई लगाऊना पाए कस्तो होला ।,0,2026-05-25T02:28:58Z
@AnitaDarlami-z3i4u,Yo harke pasu ho ki manxe khai pasuko bebar dekhauxa,1,2026-05-25T02:27:25Z
@TheLocalBoy-1,"Ahile  Nepal ma kuni jhole media ho vane tyo sidha Kura ho 
PM,ra Minister hru le parliament ma janta KO question KO answer Dina aaudaina tyo yo media le boldaina",0,2026-05-25T02:27:17Z
@gwyaljen,हर्क साम्पाङ प्रतिपक्षी दलको नेताको सरकारले गर्ने कामको गुण र दोषको आधारमा आलोचना गर्दा के भयो त महोदय ?,0,2026-05-25T02:26:33Z
@ramkarki7955,K bhannu ho harne lai,0,2026-05-25T02:25:24Z
@samikchhya-n7g,हर्क सापाङ नेपाल को एकमात्र हो नेपाल बचाउने अरु छैन,0,2026-05-25T02:24:00Z
@anoop.x12,esta guithe le bolauda baal Nadine hamro balen KO habits+attitude 😂❤jay balen balen le desh banauna aako aako ho aru le bolayo bhane Jane bolne karaune ufrine garna aako hoina... Narendra Modi Le bolauda ta Gayena esta nathe guithe le bolauda baal hamro balen lai😂😂,0,2026-05-25T02:22:39Z
@nabinchamling8403,"यो  sidhakura MEDIA ले manipulation गर्न खोज्दै छ,,,, होसियार!!!!",0,2026-05-25T02:21:32Z
@NarayanShrestha-j9z,Ghante ko bikash sahkari thagne dhukuti bat pidit Lai paisa badne 😂😂😂😂😂😂,0,2026-05-25T02:21:25Z
@Da0907-v4s,Harke lost his mind. Please expel him.,0,2026-05-25T02:20:02Z
@raimaila-e2t,Aba sakiyo ghante kharni,1,2026-05-25T02:19:58Z
@Tsewanglama,let him work . you stupid good for nothing,0,2026-05-25T02:19:28Z
@RabinRai-ro5ob,Purpley newyus  vayena. Research garnu brother yek choti tq.,0,2026-05-25T02:18:43Z
@narayang.c6933,Harka Ghar Pharka timro kasm xaiba,0,2026-05-25T02:18:32Z
@reshampurja6996,Good reporting👍️👍️,1,2026-05-25T02:18:10Z
@Chandramagar-u2k,Rip sarkar,3,2026-05-25T02:17:40Z
@yuvahamal2192,हर्के सभासद भन्दा टिकटक तिर लागे हुन्छ ।,6,2026-05-25T02:16:52Z
@sadevbudhathoki-ql1fd,Harke thag😡😡😡,0,2026-05-25T02:16:16Z
@Narsu66,Balen shah PM Vako harke jaler marna lagisakyo. Jelasi harke,0,2026-05-25T02:16:00Z
@JagirmanRai-h2t,हर्क भन्दा असल नेता नेपाल मै छैन हर्क साम्पाङ्ग लाई चेतावनी त दिए अब संस्पेन्ड गरेर देखाव। हर्क को जन्म त्यसै भएको होइन यो देश बनाउन आफ्नो माहाङ् पारु हाङ्ग सुम्निमा को आशिर्वाद को कारण यो धर्तिमा जन्म लिएको हुन। मान्छे हरुले बुजेको छैन तर बिस्तारै बुज्नेछन जान्नेछन😢,1,2026-05-25T02:15:14Z
@NarayanShrestha-j9z,Sahakari thagne ghante le piditlai rakam dine desh ko hamro kar bat thukk ghante sarkar ra tinka bharute haru,0,2026-05-25T02:14:53Z
@PushpaGurung-q5k,Kukur lai gheu pachdaina balen ko maya khera gayo,0,2026-05-25T02:14:51Z
@PuskarAdhikari-p7h,हर्के लाई प्र म  होइन   हवलदार  सम्म  को पद मात्र ठिक  छ।😂😂😂😂😂😂,10,2026-05-25T02:14:00Z
@UpashGhimire,Harke le purano Lai ni fail garaideko xa.. satta ma ni Naya pratipakchya ma ni Naya 😅,0,2026-05-25T02:13:28Z
@sonibam2613,हर्क लाई नियम १५ को २ झापड दिनु परो😂😂😂,61,2026-05-25T02:12:39Z
@UmeshSingh-ll7zg,यो माचिक्ने हर्के खातेले,2,2026-05-25T02:12:20Z
@RajaramMahat-u6i,हर्क को हर्कत देखदा त धराने जनताले के सोच्नेहोला त भन्नुस त पोइला त कति राम्रो बेभार देखाउनु भाको थियो अईले त किन घमण्ड देखाको होला बुज्न गारो छ छि,6,2026-05-25T02:12:11Z
@peacehappiness6734,"हर्केले बालेनकाे लाैराे चुनाव चिन्न नभएको भए मेयर जित्दैन थ्याे। उ आफुलाई असाध्यै जान्नेसुन्ने र शक्तिशाली ठान्छ तर वास्तविकता उ केही पनि छैन् र हैन्। उ सबैलाई आफ्नो मुर्खे जिद्दीले तह लगाउन खाेज्छ।
उसले अहिले त्यहि मुर्खे जिद्दी गरेर तह लगाएर देखाउन खाेज्दैछ। बालेनले यस्ता छुसीलाई बाेल्दैे नबाेली र वास्तै नगरीकन ठेगान लगाईदिन्छन्।
यस्ता पागल संग जुधेर समय बर्बाद गर्ने पनि हैन्। त्याे मुला कराईरहन्छ।",5,2026-05-25T02:12:05Z
@rabindra1838,yo harke lai nikalna parcha,0,2026-05-25T02:11:24Z
@suvakamana-e9r,Harke party nai kharej gardinu paro nirbachan aayog le,1,2026-05-25T02:11:11Z
@AmbikaPhuyal-qg9ig,प्रधानमन्त्री बन्न नपाए र अजै हर्के को अहङ्कार र घमण्ड कम भयको छैन।केपी ओली को भर्सन टू हो हर्क साम्पाङ बेलैमा जनताले बुझ्न जरुरी छ।,16,2026-05-25T02:10:37Z
@surajadhikari2640,"यो जातिबादी पास्टर पहिले देखिनै बालेन प्रती नेगेटिभ छ आरिसे ! बालेन ले सबै सामसद हरुलाइ आ-आफ्नो क्षेत्र को समस्या बारे छ्लफल गर्न बोलाउदा "" कोठे बैठक मा म जान्न "" भन्यो र पास्टर गएन । यो गुरिल्ला पास्टर को पद कुनै न कुनै बेला धराप मा छ। पास्टर को पद चैट नगरे सम्म पास्टर चुप बस्दैन ।।",0,2026-05-25T02:10:29Z
@chainsmoker4402,"Ekdin aauxa jun din tajasto patrakaar vanauda jhole haruko pani ghar jalne, khola tira khedai khedai kutai khane.. aauxa tyo din. Jaba satya laai dhakna khojxas ni tyesle ekdin awasya polxa bichar gar.",1,2026-05-25T02:09:15Z
@ChitrabahadurKingring,गुइठे हर्क बहुलाइसकेछ,0,2026-05-25T02:08:55Z
@sonibam2613,हर्क प्रधानमन्त्री भयो भने देश खाल्डो मा हल्दिन्छ,16,2026-05-25T02:08:39Z
@DhanBudha-u4m,Freema pauxu vanera gayo payena balen le diyena ris le gayera pati kholyo 3 sit ma adkiyo ani balen banepaxi gobar laai nindra lako xaina 🤣,0,2026-05-25T02:07:38Z
@bishnushrestha500,याे हर्के लाई जिताउने धराने जन्ताले अहिले पछुताे लागेकाे हुनुपर्छ किनकी जन्ताकाे मुद्दा उठाउनु पर्ने तर बाैलाएयाे साला खाते हर्के,0,2026-05-25T02:07:38Z
@bishnutimalsina6887,पागल हो हर्के  जे सुकै भन पागल मात्रै होइन महा पागल साइको हो दिमाग फुस्केको,0,2026-05-25T02:06:51Z
@krimp4726,Harksampang 💪💪🙏🙏🙏🙏,1,2026-05-25T02:06:22Z
@novembergirl.2604,Yo ati vayo k esko sansad pad nai kolyaps gardina parxa ani balla thik hunxa😅,0,2026-05-25T02:05:29Z
@IKLAMAZONConcordesecurity,Niyam harkalai laagxa vane what about Balen law is equally should persuade not by one side. If Harka is accused must be Balen also .,0,2026-05-25T02:04:44Z
@gurunguttada4302,Ho janatalenai jeetayeko thiyu ahba janatalenai hatawna parxa yes harkelai yesari kahile samsadh haruko  jjillako kasle batawne,0,2026-05-25T02:03:30Z
@David69-DS,आफु सँगैको प्रधानमन्त्री भयो म केही पनि भएन भनेर रिसले मरेको हो गुईठे😡😡😡,0,2026-05-25T02:03:00Z
@ratnayonzon1520,संगै मेयर भको मान्छे प्रधानमन्त्री भयो आफू 3 सिटमा सिमित देखेर डाह लागे कोहो जातिबादी राइपार्टीको अध्यक्ष QR नेता हर्क साम्पाङलाइ🙏😡,0,2026-05-25T02:02:03Z
@RP-Desire,हर्क अब घर फर्क्।,0,2026-05-25T02:00:02Z
@kritimandal2285,Harka ko party le janta le kina vote diyeko nai birsyo. Arko election ma eutai seat paudaina yesto taal le,0,2026-05-25T01:59:14Z
@akashthapa3092,Yo harke balen ko riss garera nai morni vayo .. 😂😂😂,0,2026-05-25T01:58:16Z
@RamkajiTamang-r9r,Harka sampang lai bujhna time lagxa and he is great 👍,1,2026-05-25T01:57:08Z
@DevendraRajGautam-s1q,Harka Sampang Shram Sanskriti Party members will accept more and more Balenism doctoral analysis for the people of the people by the people in our motherland forever thanks....,0,2026-05-25T01:56:01Z
@Budha-k2z,We love Harka ❤️❤️❤️,2,2026-05-25T01:54:57Z
@bijayadhakal7025,यो हर्केको हैसियत बालेनको जुत्ताको तलुवा जत्तिको पनि छैन।,0,2026-05-25T01:54:39Z
@tekparibartan3496,रिपोर्टिङ होइन भिडियो कलेक्सन भन युवराज भाइ तिमी पनि फेक अडियो प्रस्तुत हरेर अदालतलाई चक्मा दिएका थियौ है। हर्कले ले निकम्मा प्रधानमन्त्रीलाई जवाफदेही बनाउन खोजेका हुन बदला होइन।हिजो कार्फ बाधेर संसदमा गएर प्लेटी कस्ने त्यही सभामुख होइन के आधारमा निलम्बन?आफैले गर्दा चमत्कार अरुले गर्दा बलात्कार हुन्छ?अलिक पक्ष पनि इतिहास खोजेर लेउ न हो पत्रुकार हरु।,0,2026-05-25T01:54:33Z
@MaujelalSah-q7v5r,हर्के संसदमा नारा बाजी सुहाउँदो कुरा राम्रो छैन।३ सिट जितेको हर्के बालेनलाई राजिनामा केको आधार मागेको छ,0,2026-05-25T01:53:37Z
@surajdong6316,Harka thag ho jasle j sukai vanun😏,0,2026-05-25T01:52:51Z
@EklavyaRC,Harka  Lato desh ko .......tanneri Dhoti ko jumra topi ma ... yastai hunxa.,0,2026-05-25T01:52:41Z
@Deepvlogs-t3d,यस्तालाइ निलम्बन गरेकै राम्रो 😂,0,2026-05-25T01:51:06Z
@bikalpapoudel7623,"Samashaar ra content  ta sadhai uthkristaa xa hjrko 
Bas euta suggestion 
Jasari pahila pahila ko camera angle (front) hunthyo ahile side wala camera(angle ) teti attractive dekhiyena",1,2026-05-25T01:50:54Z
@sandiplimbu1685,"Please expose Jana Astha Kiswor Shrestha, why you never talk about such a thug.",0,2026-05-25T01:50:44Z
@reshamninglekhu9331,Sidhakura are the jhole  journlist this jhole journlist are make  controversial news of Harkha Sampang for viewer's and TRP and running after Harka Sampang for Hand to mouth .They didn't see what Harkha Sampang does in Darchula they don't highlights good thing of Harkha Sampang only make controversial news this type of media or journlist should be boycott.,0,2026-05-25T01:46:58Z
@kalpanaraee-o5c,"नेपालको नीति धेरै वर्ष देखि हेर्दै आएको सरकारमा हुँदा सबै सही , विपक्ष मा हुँदा गलत । कुनै बेला दोल प्रसाद आफैं सरकारको विरोधमा थिए । नाङ्गै भएर विरोध गरे तर आजकाल तिनीहरू सरकारमा पुगे पछि एक शब्द बोल्नलाई पनि सक्दै छैनन्। अचम्म लाग्छ नेपालमा राजनीतिक हो कि गुण्डा गति र शासन चलाउनेहरू सिंहदरबारमा बस्छन् तर तपाईं जस्ता पत्रकार पनि देश बिगार्ने र सपार्ने मा मुख्य भूमिका हुँदो रहेछ।",3,2026-05-25T01:45:55Z
@Deepvlogs-t3d,यस्ता खप्पर नभएकालाइ नि धर्सने जनताले किन उठाए होलान बरै😢😢,1,2026-05-25T01:40:33Z
@mukundaneupane3342,हर्क लाई निलम्बन गर्ने पर्छ यो पाखे लाई 😮,2,2026-05-25T01:40:04Z
@purbelipujanrai,साम्सद हुनेबेला भको थियेन क्या हो😂,2,2026-05-25T01:39:03Z
@bepositive204,Kunai Bela ko pani hoina ghanista Mitra chai. Pahila dekhi daro gartheyo aja pm bhaye paxi ta jhan jealous bhayeko ho,1,2026-05-25T01:36:30Z
@BabitaRajbhanshi,Balen KO popularity dekher harke lai daah lageko ho aru kehi hoina. yo harke yo juni ma balen jati KO hune Sapna dekhna xodi deu.....😂😂😂,0,2026-05-25T01:35:12Z
@KarmaTshering-u6c,Harke ra usko 2 kukur matreee hasxa,0,2026-05-25T01:31:24Z
@milanGole4630,Jay 🔔🔔🔔🔔,1,2026-05-25T01:31:20Z
@melinapandey3761,😂😂😂😂😂😂😂,0,2026-05-25T01:31:12Z
@prabeshbantawa4787,Hera roko acting 😢sala senima ko guru raiko beijet gareu harkale,0,2026-05-25T01:31:12Z
@lokgurung7325,Harke Bhrastchari hukumbasi ko matiyar ho,0,2026-05-25T01:30:21Z
@ZOXOOYT,हर्के जस्ता जोकर संसद मा एकदमै आबस्यक छ किन भने यसले संसद मा अरु माननीय हरु कोे मोड फ्रेस गर्छ,0,2026-05-25T01:30:09Z
@krishanathapamagar4315,Sir it’s let as soon as possible must be action him.he is completely out of tune,0,2026-05-25T01:29:26Z
@KarmaTshering-u6c,Yo kikuyu harke lai thuknu man lakai,0,2026-05-25T01:29:02Z
@bimalagrg-ey7nw,Balen sarkar girauna paye katai ma mantri hunxuki vanne sapana,0,2026-05-25T01:28:54Z
@anitagurung7072,बिचार हारक मन्त्री बन्न नपएर😅😅😅,1,2026-05-25T01:27:35Z
@mr.gairay4702,harke ko news banaunu bheneko  murkhata ho😂,0,2026-05-25T01:27:27Z
@Bids-l9j1h,Yo Harke lai thok na dhunga le kasaile,0,2026-05-25T01:26:08Z
@lathicharge4670,हर्क को हर्कत सुहाउने  भएन,24,2026-05-25T01:24:26Z
@manikarai-f3p,"Anti harka shampang jati laii chaii k chaiyako ho ramro garda ramro bhannu nasaknea khatya haru laii sarkar ko dhukuti bata sahakari ko poiisa dibu uchit hunxa 
Sukumbaai laii khoii ta aaghaii shamma ni byabastha gareko ??? Kamti ma alikati ta gyan hunu parxa",0,2026-05-25T01:24:01Z
@rudradhakal305,हर्के राजिनामा दे,1,2026-05-25T01:24:00Z
@gauravlamichhane77,Harke ramailo 🎉,1,2026-05-25T01:22:11Z
@LAXMANGAUTAM-w1h,"हर्कै हल्दार को काम छैन। 
राजिनामा दे हर्के।
विरोधको लागि विरोध नगर।",65,2026-05-25T01:22:09Z
@nomadicvibe26,Popularity chaiyeko harke lai,0,2026-05-25T01:19:48Z
@PramilaTamang-g4p,Kaam garera dhelhu ho harka k ko balen balen garirako ho😡😡,0,2026-05-25T01:18:56Z
@AacharayaJayaram,Harkea kukur murdabad All team members,0,2026-05-25T01:18:43Z
@HarishDhamivlog,हर्क नेता बन्न लायक को मान्छे नै हैन😢,57,2026-05-25T01:18:33Z
@keshabdcvlog1774,"Rabi ko jhole sale harka ley thik vaneko xa, yo mero real id ho k garxas gar",0,2026-05-25T01:18:24Z
@kdjoshi5806,Nilmban Gere ko ramro yo harke lae,0,2026-05-25T01:16:40Z
@BidurShibakoti-wr6ez,काम  गर्नदे हर्के कुत्ता बोलेर हैन नबोलेर काम गरेका छन् अब राजीनाम बालेन्को हैन  हर्के गद्दारले दिनु पर्छ है,0,2026-05-25T01:16:27Z
@khimsherchan1639,यो हर्के लाइ हटाउनै पर्छ है,0,2026-05-25T01:11:11Z
@prameshwornyaupane,"अराजक हर्केले म बाहेक कोहि छैन भन्ने ,मैले भनेको नियम नै अन्तिम नियम भन्छ र वडाअध्यक्ष हुन योग्य छैन भन्दै धरानका राई,लिम्बु नै बहिस्कारमा उत्रिसके अर्को चुनाबसम्म सकिन्छ गुइठे😂
प्रधानमन्त्री हुने सपना चक्नाचुर भएसि डिप्रेसनमा गएको छ हर्के😂",0,2026-05-25T01:10:52Z
@wolvesnepal,Hami local dharane Lai irritated lagna thalesakyo ex mayor jiu harka bata 😢,2,2026-05-25T01:10:41Z
@shantikokhojima6040,सोई ढोले सोई QRको पैसा खोइ ?😂,159,2026-05-25T01:10:20Z
@tashitashi888,RSP GOVERNMENT IS DOING GREAT JAY GHANTI 🔔🔔🔔👍👍👍🇳🇵🇳🇵🇳🇵👌👌👌,1,2026-05-25T01:09:56Z
@shantikokhojima6040,"बोल बालेन हृदय खोलेर...😊 
के हुन्छ र सांसदमा बोलेर..😉😁",1,2026-05-25T01:09:36Z
@DipakBudha-y3v,यो गुठीले भन्दैमा दिन्छ र,0,2026-05-25T01:08:31Z
@POV-Mine,हर्क सम्पाङले ब्यक्ति बालेनलाई खोजेको हैन देशको प्रधानमन्त्री खोजेको हो र प्रधानमन्त्री कुनै एक पाटीको मात्र हैन देशको हो भन्ने सयाद भुले जस्तो छ।उनको शैलीमा प्रश्न उठाउन सकिएला तर उन्को माग अनि बिरोध सबै संविधानको धारामा टेकेर गरिएको देखिन्छ उन्ले बालेनलाई हैन देशको प्रधानमन्त्रीलाई बोलाएका हुन र त्यो पदको जिम्मेवारी र मर्यादा पूरा गर्न माग गरेका हुन।,7,2026-05-25T01:08:04Z
@1Silichung,सरकारलाई घाेचिरहनु पर्छ,0,2026-05-25T01:07:36Z
@jayghuran8738,Harka cshor ho,0,2026-05-25T01:06:44Z
@mee_lan4,Harke saiko,0,2026-05-25T01:06:10Z
@jayghuran8738,Harka cshor ho,0,2026-05-25T01:06:03Z
@pawan_Sharma-z7h,"Sabai sathi aru ko bich ma yestai euta harke jastai hunxa jaile Birod garni aafu matra right 
He forget about what is right and wrong?",0,2026-05-25T01:04:16Z
@हिurun-z1p,"यो हर्के गुइँठेको काम छैन हरेक कुरामा विरोध मात्रै 
QR पार्टी माटोमै बिलाउँछ।",0,2026-05-25T01:03:42Z
@MikumarLama-j1k,थुक्क यो हर्के भन्ने जन्तु कहिले शुध्रीने होला,0,2026-05-25T01:02:59Z
@bikashrijal8227,Yo harka lai hataidey hunxa kei pharak pardaina  tehni haru ley birodh gardai ma kei huney wala xaina aba hamro Rastriya swatrantra party ko 2 third majority keep sarkar lai go ahead balen sarkar jiu Jay rastriya swatrantra party jay Rabi jay balen jay ghanti 🔔🔔🔔🔔🔔🔔🔔🔔🔔🔔🙏🙏🙏🙏🙏🙏🙏👍👍👍👍👍🇳🇵🇳🇵🇳🇵🇳🇵❤️❤️❤️,0,2026-05-25T01:02:42Z
@yogendrasherchan8403,"बकम्फुसे हर्के ,लिडे हर्कबाद 😂",52,2026-05-25T01:00:05Z
@premmuskan9510,के गर्छस् मंगले आफ्नै ढंगले भनेझै  ढुङगा र माटो बोकेर कमाएको इजत अब तेहि ढुंङ्गा माटोमा मिलाउन लागेको हो कि।,8,2026-05-25T00:58:13Z
@WarZone-p5f,QR code bata paisa Thogna porxa harke baad ho,5,2026-05-25T00:58:13Z
@sunilpathak9580,Pradhanmantri bhayo bhaner ris rag ho😢,3,2026-05-25T00:54:55Z
@anritth,"Harke pagal pahila kam her muji , kati mahina vo PM vako ? Jealousy radi ko ban",0,2026-05-25T00:54:30Z
@SitaAdhikari-k3w,Jaya ghanti rabi balen sarkar🙏🙏🇳🇵🌹,2,2026-05-25T00:53:24Z
@KesharGurung-l6i,हर्केले अब पनि यस्तै हर्कत देखाउदै संसद भवनमा अराजकता देखायो भने निल्मवन गर्नुपर्छ सभामुखले।,52,2026-05-25T00:52:46Z
@dipaknirantar9225,"हर्कको सोचाई, वाद सहि हुन सक्ला तर प्रस्तुतीकरण शैली पक्कै सच्याउनुपर्ला ।",23,2026-05-25T00:50:09Z
@dependralamichhane4727,हर्क नेता बन्न लायक नै है खोइ कसरी जिताए कुन्नी।,0,2026-05-25T00:49:43Z
@DigitalCreation1986,"यसको हरेक प्रश्न को कुनै औचित्य नै छैन, कीन यसको कुरा सुनिदिनु पर्ने।",16,2026-05-25T00:49:24Z
@Yatri8yatri,🇳🇵🇳🇵🇳🇵🔔🔔🔔🔔🔔🔔🤣,0,2026-05-25T00:48:02Z
@WarZone-p5f,Yo 😡Saala harke lai laat hanera dharan vagaide,0,2026-05-25T00:44:57Z
@AKOI047,"This guy is a narcissist egotistical psychopath when it comes to Balen, started career together, one progressed too far other is average, Prime Minister ko mantri haru sabai bigya haru hunn they can answer in much detail as its their area of expertise and by law its not mandatory for PM to attend just so someone insists, but hope the PM comes to address when required.",2,2026-05-25T00:44:01Z
@leo-10-h7w,Harke rajinama de jatiya war failauna yesle pastar le ..Kae knowledge Kae xaena Tae dhunga mato matra ho,0,2026-05-25T00:42:43Z
@hastapradhan5301,Harkey ko kilkiley samma kasle puryai dela?,0,2026-05-25T00:41:02Z
@chandankhawas4464,झिङे हर्के,0,2026-05-25T00:37:09Z
@gitaBhandari-v9i,यसले मन्त्रि पड्काउन पायन तेहि भएर हो,126,2026-05-25T00:36:21Z
@Kabirajr967,म हास्ने कि रुने हो,0,2026-05-25T00:35:53Z
@gitaBhandari-v9i,यो पाखन्डि हर्षे  राजिनामादे,1,2026-05-25T00:35:36Z
@yubarajdhungel5093,हर्कलाई प्रधानमन्त्री चाहीएजस्तो छ।😂😂😂,85,2026-05-25T00:35:02Z
@sunaadhikari6811,३,0,2026-05-25T00:34:41Z
@ankitvlogs3119,पाखे हर्क राजिना मा दे 😂😂😂,95,2026-05-25T00:33:55Z
@NamarajSharma-m4r,OR गधा लाई संसदबाट निलम्बन गर !!,0,2026-05-25T00:31:50Z
